wid,button_pressed,stimulus,view_history,responses,correct,questions,trial_time,block,delays,trial_index,score,key_press,clicks,n_clicks,stim_i
w61f58b5,,,,,,,56558.0,training,[],0,14.0,,"[1, 5, 9, 2]",4,0
w61f58b5,,,,,,,19900.0,training,[],1,26.0,,"[1, 2, 5, 9, 10, 11, 12, 6, 7, 8, 4, 3]",12,1
w61f58b5,,,,,,,23629.0,training,[],2,30.0,,"[9, 1, 2, 5, 6, 7, 8, 10, 11, 4, 3, 12]",12,2
w61f58b5,,,,,,,14437.0,training,[],3,42.0,,"[9, 1, 2, 4, 3, 5, 7, 6, 8, 10, 11, 12]",12,3
w61f58b5,,,,,,,13734.0,training,[],4,40.0,,"[9, 10, 11, 4, 2, 1, 3, 7, 6, 5, 8, 12]",12,4
w61f58b5,,,,,,,12998.0,training,[],5,36.0,,"[9, 10, 11, 12, 1, 2, 4, 3, 7, 6, 8, 5]",12,5
w61f58b5,,,,,,,12907.0,training,[],6,38.0,,"[9, 1, 2, 4, 11, 10, 12, 5, 3, 7, 6, 8]",12,6
w61f58b5,,,,,,,10906.0,training,[],7,34.0,,"[9, 10, 11, 12, 1, 2, 4, 3, 7, 6, 8, 5]",12,7
w61f58b5,,,,,,,9957.0,training,[],8,18.0,,"[9, 10, 11, 12, 4, 2, 3, 1, 7, 6, 8, 5]",12,8
w61f58b5,,,,,,,10507.0,training,[],9,32.0,,"[10, 11, 4, 2, 1, 3, 7, 6, 8, 5, 12, 9]",12,9
w6676851,,,,,,,39675.0,training,[],0,53.0,,"[8, 4, 12]",3,10
w6676851,,,,,,,44100.0,training,[],1,18.0,,"[3, 4, 12, 8, 7, 11, 2, 6, 10, 1, 5, 9]",12,11
w6676851,,,,,,,44472.0,training,[],2,56.0,,"[11, 3]",2,12
w6676851,,,,,,,18396.0,training,[],3,34.0,,"[4, 3, 8, 12]",4,13
w6676851,,,,,,,23601.0,training,[],4,12.0,,"[3, 4, 8, 12, 11, 7]",6,14
w6676851,,,,,,,16687.0,training,[],5,33.0,,"[11, 3, 8]",3,15
w6676851,,,,,,,15579.0,training,[],6,40.0,,"[3, 4, 11, 12]",4,16
w6676851,,,,,,,25212.0,training,[],7,24.0,,"[3, 4, 12, 8, 7, 11]",6,8
w6676851,,,,,,,14572.0,training,[],8,40.0,,"[4, 3]",2,17
w6676851,,,,,,,23367.0,training,[],9,54.0,,"[3, 4]",2,18
w481d889,,,,,,,79698.0,training,[42],0,16.0,,[],0,19
w481d889,,,,,,,57924.0,training,[42],1,36.0,,[],0,20
w481d889,,,,,,,18876.0,training,"[0, 0, 0]",2,48.0,,"[7, 8]",2,21
w481d889,,,,,,,11047.0,training,"[0, 0]",3,59.0,,[7],1,22
w481d889,,,,,,,30359.0,training,"[0, 18]",4,27.0,,[8],1,6
w481d889,,,,,,,15028.0,training,"[0, 2, 0]",5,46.0,,"[7, 11]",2,23
w481d889,,,,,,,15359.0,training,"[0, 0, 0, 0]",6,57.0,,"[7, 8, 12]",3,17
w481d889,,,,,,,27514.0,training,"[0, 0, 0, 0, 0, 9]",7,53.0,,"[7, 8, 12, 11, 4]",5,12
w481d889,,,,,,,11999.0,training,"[0, 0, 0]",8,52.0,,"[7, 8]",2,24
w481d889,,,,,,,15099.0,training,"[0, 0, 0, 0, 0]",9,38.0,,"[7, 3, 4, 11]",4,2
w79f70f3,,,,,,,19930.0,training,"[0, 0, 0, 0]",0,45.0,,"[8, 12, 3]",3,25
w79f70f3,,,,,,,16801.0,training,"[0, 0, 0, 0, 0]",1,42.0,,"[7, 11, 4, 3]",4,0
w79f70f3,,,,,,,9729.0,training,"[0, 0, 0]",2,50.0,,"[12, 8]",2,26
w79f70f3,,,,,,,17771.0,training,"[0, 0, 3, 3]",3,37.0,,"[8, 7, 5]",3,27
w79f70f3,,,,,,,9444.0,training,"[0, 0]",4,41.0,,[3],1,7
w79f70f3,,,,,,,10970.0,training,"[0, 0, 0, 0, 0, 0, 0]",5,42.0,,"[7, 8, 3, 4, 11, 12]",6,28
w79f70f3,,,,,,,11945.0,training,"[0, 0, 0, 0, 0]",6,52.0,,"[7, 8, 3, 4]",4,18
w79f70f3,,,,,,,10104.0,training,"[0, 0, 0, 0, 0, 0]",7,33.0,,"[7, 8, 3, 4, 11]",5,29
w79f70f3,,,,,,,20098.0,training,"[0, 0, 0, 0, 0, 0, 4]",8,10.0,,"[8, 12, 11, 3, 7, 4]",6,30
w79f70f3,,,,,,,17301.0,training,"[0, 0, 0, 0]",9,39.0,,"[7, 8, 3]",3,17
w94555d2,,,,,,,13133.0,training,[],0,49.0,,"[1, 2, 3, 5, 6, 7, 8, 12, 10, 11, 9]",11,31
w94555d2,,,,,,,10535.0,training,[],1,36.0,,"[12, 11]",2,29
w94555d2,,,,,,,10224.0,training,[],2,48.0,,"[11, 4, 3, 7, 8, 12]",6,32
w94555d2,,,,,,,10032.0,training,[],3,52.0,,"[11, 4]",2,26
w94555d2,,,,,,,12899.0,training,[],4,14.0,,"[3, 4, 11, 12, 8, 7]",6,33
w94555d2,,,,,,,9919.0,training,[],5,55.0,,[4],1,18
w94555d2,,,,,,,9850.0,training,[],6,51.0,,[3],1,34
w94555d2,,,,,,,9789.0,training,[],7,36.0,,"[4, 3, 7, 8, 12, 11]",6,2
w94555d2,,,,,,,8880.0,training,[],8,56.0,,"[4, 3]",2,12
w94555d2,,,,,,,9629.0,training,[],9,48.0,,"[4, 3, 7, 8]",4,16
w3d8365b,,,,,,,30231.0,training,[],0,50.0,,"[6, 2, 10, 8]",4,24
w3d8365b,,,,,,,24337.0,training,[],1,35.0,,"[7, 8, 12]",3,13
w3d8365b,,,,,,,10686.0,training,[],2,41.0,,"[3, 7, 12]",3,35
w3d8365b,,,,,,,22225.0,training,[],3,18.0,,"[8, 12, 4, 7, 3, 11]",6,36
w3d8365b,,,,,,,21096.0,training,[],4,40.0,,"[3, 7]",2,37
w3d8365b,,,,,,,19052.0,training,[],5,45.0,,"[11, 7, 4]",3,38
w3d8365b,,,,,,,19299.0,training,[],6,40.0,,"[7, 11, 4, 12, 9, 8, 3, 10]",8,28
w3d8365b,,,,,,,17565.0,training,[],7,49.0,,"[7, 11, 9, 10, 4, 1, 2]",7,18
w3d8365b,,,,,,,13820.0,training,[],8,16.0,,"[7, 11, 4, 3, 8, 12]",6,39
w3d8365b,,,,,,,10635.0,training,[],9,39.0,,"[3, 7, 11, 12, 4]",5,40
wa616224,,,,,,,12298.0,training,[],0,49.0,,"[3, 8, 11]",3,41
wa616224,,,,,,,14531.0,training,[],1,12.0,,"[4, 12, 11, 3, 7, 8, 2, 1, 5, 6, 10, 9]",12,42
wa616224,,,,,,,8940.0,training,[],2,44.0,,"[11, 3, 1, 2]",4,5
wa616224,,,,,,,10457.0,training,[],3,48.0,,"[4, 11, 12, 3, 7, 8, 2, 1, 6, 5]",10,12
wa616224,,,,,,,8366.0,training,[],4,54.0,,"[3, 4, 11, 12, 2, 1]",6,43
wa616224,,,,,,,12353.0,training,[],5,25.0,,"[3, 4, 11, 12, 8, 7, 5, 1, 9, 10, 6]",11,44
wa616224,,,,,,,13675.0,training,[],6,52.0,,"[4, 11, 2, 1]",4,10
wa616224,,,,,,,8707.0,training,[],7,54.0,,"[4, 3, 2, 1]",4,19
wa616224,,,,,,,10367.0,training,[],8,32.0,,"[3, 4, 11, 10, 9, 12, 8, 7, 6, 5]",10,2
wa616224,,,,,,,8528.0,training,[],9,50.0,,"[4, 11, 10, 9]",4,3
w3fd7606,,,,,,,24316.0,training,[],0,51.0,,"[6, 5, 8]",3,32
w3fd7606,,,,,,,35255.0,training,[],1,42.0,,"[12, 10, 9, 5, 1, 6, 8, 7, 3, 4]",10,16
w3fd7606,,,,,,,41248.0,training,[],2,27.0,,"[5, 9, 1, 2, 3, 4, 7, 8, 6]",9,20
w3fd7606,,,,,,,48647.0,training,[],3,14.0,,"[12, 10, 9, 5, 1, 7, 8, 3, 4, 2, 6, 11]",12,36
w3fd7606,,,,,,,42860.0,training,[],4,26.0,,"[6, 8, 5, 7, 3, 4, 11, 12, 2, 1, 10, 9]",12,45
w3fd7606,,,,,,,30942.0,training,[],5,37.0,,"[8, 7, 3, 2, 1]",5,17
w3fd7606,,,,,,,12040.0,training,[],6,46.0,,"[8, 7, 5, 6, 3, 4, 11, 12, 2, 1]",10,46
w3fd7606,,,,,,,15320.0,training,[],7,40.0,,"[3, 4, 11, 12, 8, 7, 9, 10, 5, 6]",10,21
w3fd7606,,,,,,,13507.0,training,[],8,40.0,,"[8, 7, 3, 4, 11, 12, 10, 6, 5, 9]",10,47
w3fd7606,,,,,,,9736.0,training,[],9,42.0,,"[8, 7, 3, 4, 11, 12]",6,48
wdc20064,,,,,,,18114.0,training,"[3, 2, 2]",0,52.0,,"[9, 11]",2,3
wdc20064,,,,,,,10926.0,training,"[0, 0]",1,55.0,,[4],1,18
wdc20064,,,,,,,10819.0,training,"[0, 0]",2,51.0,,[7],1,4
wdc20064,,,,,,,9416.0,training,"[0, 0, 0, 0, 0, 0, 0]",3,24.0,,"[11, 8, 3, 4, 7, 12]",6,49
wdc20064,,,,,,,8567.0,training,"[0, 0, 0, 0]",4,55.0,,"[12, 4, 3]",3,19
wdc20064,,,,,,,8260.0,training,"[0, 0, 0, 0, 0]",5,38.0,,"[12, 11, 4, 3]",4,7
wdc20064,,,,,,,9440.0,training,"[0, 0, 0]",6,36.0,,"[12, 4]",2,45
wdc20064,,,,,,,8499.0,training,"[0, 0, 0, 0, 0, 0]",7,39.0,,"[7, 8, 4, 3, 11]",5,50
wdc20064,,,,,,,8502.0,training,"[0, 0]",8,37.0,,[12],1,13
wdc20064,,,,,,,9713.0,training,"[0, 0]",9,35.0,,[12],1,47
wdc3f276,,,,,,,18396.0,training,[],0,-60.0,,[],0,15
wdc3f276,,,,,,,8815.0,training,[],1,26.0,,[],0,12
wdc3f276,,,,,,,8040.0,training,[],2,44.0,,[],0,40
wdc3f276,,,,,,,11334.0,training,[],3,54.0,,[],0,20
wdc3f276,,,,,,,15024.0,training,[],4,-26.0,,[],0,51
wdc3f276,,,,,,,11409.0,training,[],5,37.0,,"[9, 10, 11]",3,34
wdc3f276,,,,,,,29298.0,training,[],6,10.0,,"[1, 2, 3, 4, 9, 10, 11, 12, 5, 7, 8, 6]",12,30
wdc3f276,,,,,,,11383.0,training,[],7,45.0,,"[11, 10, 9]",3,52
wdc3f276,,,,,,,12379.0,training,[],8,36.0,,"[7, 3, 4, 11, 10, 9]",6,2
wdc3f276,,,,,,,12339.0,training,[],9,50.0,,"[11, 12, 8, 5]",4,32
w40e3389,,,,,,,52565.0,training,"[3, 0, 0, 3, 3, 0]",0,49.0,,"[1, 3, 4, 11, 2]",5,53
w40e3389,,,,,,,15415.0,training,"[0, 0, 0]",1,54.0,,"[8, 3]",2,46
w40e3389,,,,,,,15821.0,training,"[0, 0]",2,55.0,,[11],1,27
w40e3389,,,,,,,12951.0,training,"[0, 0, 0, 0]",3,45.0,,"[7, 12, 3]",3,25
w40e3389,,,,,,,24948.0,training,"[0, 0, 0, 0, 0, 0, 4]",4,16.0,,"[8, 7, 3, 4, 11, 12]",6,30
w40e3389,,,,,,,15770.0,training,"[0, 0]",5,41.0,,[4],1,31
w40e3389,,,,,,,13326.0,training,"[0, 2, 0]",6,42.0,,"[11, 8]",2,35
w40e3389,,,,,,,9715.0,training,"[0, 0, 0, 0]",7,49.0,,"[4, 11, 8]",3,16
w40e3389,,,,,,,8396.0,training,"[0, 0, 0]",8,54.0,,"[8, 4]",2,18
w40e3389,,,,,,,10269.0,training,"[0, 0, 0, 0]",9,51.0,,"[3, 7, 11]",3,3
w4af49c9,,,,,,,23390.0,training,[],0,31.0,,"[6, 7, 3, 11, 10]",5,31
w4af49c9,,,,,,,11376.0,training,[],1,41.0,,[11],1,2
w4af49c9,,,,,,,8800.0,training,[],2,52.0,,"[11, 9]",2,3
w4af49c9,,,,,,,19329.0,training,[],3,42.0,,"[11, 12]",2,16
w4af49c9,,,,,,,12462.0,training,[],4,53.0,,"[7, 8, 11, 12, 3]",5,12
w4af49c9,,,,,,,26370.0,training,[],5,11.0,,"[3, 4, 11, 12, 8, 7, 10]",7,14
w4af49c9,,,,,,,10281.0,training,[],6,53.0,,[11],1,20
w4af49c9,,,,,,,26395.0,training,[],7,41.0,,[11],1,18
w4af49c9,,,,,,,11323.0,training,[],8,40.0,,"[7, 8, 11, 12, 4, 3]",6,0
w4af49c9,,,,,,,9993.0,training,[],9,48.0,,"[4, 3, 11, 12, 7, 8]",6,32
wafa08c4,,,,,,,13069.0,training,[],0,56.0,,[],0,27
wafa08c4,,,,,,,10966.0,training,[],1,-22.0,,[],0,33
wafa08c4,,,,,,,8967.0,training,[],2,-16.0,,[],0,18
wafa08c4,,,,,,,9581.0,training,[],3,54.0,,[],0,3
wafa08c4,,,,,,,8031.0,training,[],4,54.0,,[],0,26
wafa08c4,,,,,,,10872.0,training,[],5,34.0,,[],0,28
wafa08c4,,,,,,,10546.0,training,[],6,-40.0,,[],0,23
wafa08c4,,,,,,,10362.0,training,[],7,30.0,,[],0,54
wafa08c4,,,,,,,10376.0,training,[],8,-12.0,,[],0,15
wafa08c4,,,,,,,9972.0,training,[],9,42.0,,[],0,52
w00afac0,,,,,,,33285.0,training,"[3, 2, 0, 2, 0, 0]",0,43.0,,"[1, 10, 11, 7, 12]",5,28
w00afac0,,,,,,,16736.0,training,"[0, 0, 0, 0, 0]",1,48.0,,"[11, 12, 7, 8]",4,26
w00afac0,,,,,,,31129.0,training,"[0, 0, 0, 15]",2,51.0,,"[12, 4, 7]",3,38
w00afac0,,,,,,,10933.0,training,"[0, 0]",3,53.0,,[4],1,53
w00afac0,,,,,,,48791.0,training,"[0, 0, 37]",4,50.0,,"[4, 11]",2,55
w00afac0,,,,,,,14872.0,training,"[0, 0, 0, 0, 0, 0]",5,55.0,,"[11, 8, 3, 12, 7]",5,22
w00afac0,,,,,,,11080.0,training,"[0, 0, 0, 0, 0, 0]",6,41.0,,"[11, 7, 8, 4, 3]",5,0
w00afac0,,,,,,,10655.0,training,"[0, 0, 0, 0, 0]",7,44.0,,"[4, 3, 11, 12]",4,48
w00afac0,,,,,,,11175.0,training,"[0, 0, 0, 0, 0, 0, 0]",8,44.0,,"[7, 8, 12, 11, 4, 3]",6,6
w00afac0,,,,,,,9388.0,training,"[0, 0, 0]",9,54.0,,"[4, 3]",2,46
w6ea1325,,,,,,,81776.0,training,"[3, 2, 3, 3, 3, 0, 7]",0,32.0,,"[5, 6, 8, 9, 10, 12]",6,1
w6ea1325,,,,,,,64205.0,training,[42],1,14.0,,[],0,45
w6ea1325,,,,,,,70829.0,training,[42],2,-12.0,,[],0,20
w6ea1325,,,,,,,58073.0,training,"[0, 40]",3,53.0,,[3],1,26
w6ea1325,,,,,,,26665.0,training,"[0, 3, 2, 0]",4,57.0,,"[4, 3, 7]",3,43
w6ea1325,,,,,,,55332.0,training,"[0, 40]",5,35.0,,[3],1,21
w6ea1325,,,,,,,15237.0,training,"[0, 0, 0]",6,48.0,,"[4, 3]",2,6
w6ea1325,,,,,,,33529.0,training,"[0, 0, 16]",7,32.0,,"[3, 4]",2,35
w6ea1325,,,,,,,36957.0,training,"[0, 0, 0, 0, 0, 0, 5]",8,24.0,,"[3, 4, 11, 12, 7, 8]",6,44
w6ea1325,,,,,,,20873.0,training,"[0, 0, 2, 0]",9,53.0,,"[12, 11, 4]",3,27
w00a5b64,,,,,,,65480.0,training,[],0,45.0,,"[8, 10, 1, 2, 4, 11, 12]",7,37
w00a5b64,,,,,,,46035.0,training,[],1,51.0,,"[12, 7, 4, 9, 10, 2, 6, 1, 5]",9,43
w00a5b64,,,,,,,37359.0,training,[],2,20.0,,"[11, 7, 3, 1, 2, 4, 9, 5, 10, 6]",10,24
w00a5b64,,,,,,,40957.0,training,[],3,38.0,,"[11, 10, 9, 3, 8, 6]",6,35
w00a5b64,,,,,,,29828.0,training,[],4,22.0,,"[7, 11, 3, 10, 6, 2, 1, 9]",8,11
w00a5b64,,,,,,,10908.0,training,[],5,41.0,,"[11, 7, 4]",3,40
w00a5b64,,,,,,,16151.0,training,[],6,30.0,,"[4, 11, 7, 5, 9, 6]",6,56
w00a5b64,,,,,,,32453.0,training,[],7,-52.0,,"[7, 5, 6, 10, 9, 2, 1, 3]",8,26
w00a5b64,,,,,,,13228.0,training,[],8,24.0,,"[7, 11, 5, 6]",4,6
w00a5b64,,,,,,,20427.0,training,[],9,24.0,,"[3, 4, 11, 12, 7, 8]",6,57
w304b9ad,,,,,,,37531.0,training,[],0,24.0,,"[7, 12, 4, 8]",4,34
w304b9ad,,,,,,,14077.0,training,[],1,49.0,,"[10, 3, 8]",3,16
w304b9ad,,,,,,,10112.0,training,[],2,59.0,,[12],1,17
w304b9ad,,,,,,,10527.0,training,[],3,53.0,,[11],1,20
w304b9ad,,,,,,,10045.0,training,[],4,57.0,,[3],1,12
w304b9ad,,,,,,,12569.0,training,[],5,19.0,,"[4, 12, 8, 7, 11]",5,42
w304b9ad,,,,,,,59622.0,training,[],6,8.0,,"[2, 12, 8, 7]",4,3
w304b9ad,,,,,,,32135.0,training,[],7,12.0,,"[4, 12, 3, 8]",4,27
w304b9ad,,,,,,,32291.0,training,[],8,8.0,,"[10, 11, 12, 2]",4,36
wa2fd528,,,,,,,13216.0,training,[],0,50.0,,"[6, 11, 10, 9]",4,20
wa2fd528,,,,,,,18223.0,training,[],1,20.0,,"[7, 12, 4, 11, 3, 6, 10, 9, 5, 2]",10,32
wa2fd528,,,,,,,10281.0,training,[],2,54.0,,"[11, 12, 7, 8, 10, 9]",6,17
wa2fd528,,,,,,,13245.0,training,[],3,26.0,,"[11, 12, 8, 7, 9, 10, 5, 6]",8,28
wa2fd528,,,,,,,9301.0,training,[],4,50.0,,"[7, 8, 11, 12, 10, 9]",6,41
wa2fd528,,,,,,,11745.0,training,[],5,30.0,,"[11, 7, 8, 12, 5, 6, 3, 4]",8,1
wa2fd528,,,,,,,9091.0,training,[],6,50.0,,"[11, 7, 10, 9, 6, 5]",6,27
wa2fd528,,,,,,,9000.0,training,[],7,56.0,,"[11, 12, 7, 8]",4,22
wa2fd528,,,,,,,9989.0,training,[],8,37.0,,"[7, 8, 12, 11, 10]",5,52
wa2fd528,,,,,,,10043.0,training,[],9,51.0,,"[11, 12, 7, 8, 4, 1, 2, 9, 10]",9,31
w35d67ff,,,,,,,34279.0,training,[],0,26.0,,"[5, 6, 9, 10]",4,8
w35d67ff,,,,,,,14779.0,training,[],1,32.0,,"[1, 2, 5, 6]",4,22
w35d67ff,,,,,,,21359.0,training,[],2,45.0,,"[9, 10, 5, 6, 8]",5,21
w35d67ff,,,,,,,25483.0,training,[],3,38.0,,"[5, 6, 7, 8]",4,52
w35d67ff,,,,,,,27090.0,training,[],4,10.0,,"[9, 1, 5, 6, 2, 10, 12, 11, 4, 3, 7, 8]",12,30
w35d67ff,,,,,,,15286.0,training,[],5,32.0,,"[5, 1, 9, 10, 6, 2, 3, 4, 11, 12, 7, 8]",12,50
w35d67ff,,,,,,,10823.0,training,[],6,37.0,,"[8, 6, 7, 11, 12, 4, 3]",7,35
w35d67ff,,,,,,,9781.0,training,[],7,34.0,,"[7, 8, 12, 11, 4, 3]",6,51
w35d67ff,,,,,,,19552.0,training,[],8,42.0,,"[7, 8, 3, 4, 11, 12, 5, 1, 9, 6, 2, 10]",12,38
w35d67ff,,,,,,,10589.0,training,[],9,48.0,,"[8, 7, 3, 4, 11, 12]",6,3
w6bb907b,,,,,,,30247.0,training,"[0, 0, 0]",0,46.0,,"[4, 3]",2,25
w6bb907b,,,,,,,7852.0,training,"[0, 0, 0]",1,50.0,,"[4, 3]",2,41
w6bb907b,,,,,,,8037.0,training,"[0, 0, 0, 0, 0]",2,48.0,,"[3, 4, 11, 12]",4,37
w6bb907b,,,,,,,13114.0,training,"[0, 0, 0, 0, 0, 3, 0]",3,34.0,,"[4, 3, 7, 8, 12, 11]",6,51
w6bb907b,,,,,,,9939.0,training,"[0, 0, 0, 0]",4,57.0,,"[12, 11, 4]",3,43
w6bb907b,,,,,,,9332.0,training,"[0, 0, 0, 0, 0, 0, 0]",5,38.0,,"[4, 3, 7, 8, 12, 11]",6,50
w6bb907b,,,,,,,31581.0,training,"[0, 0, 0, 0, 0, 0, 2, 4]",6,17.0,,"[11, 4, 3, 7, 8, 12, 5]",7,36
w6bb907b,,,,,,,15781.0,training,"[0, 2, 0]",7,50.0,,"[7, 6]",2,4
w6bb907b,,,,,,,9330.0,training,"[0, 0, 0, 0]",8,57.0,,"[7, 8, 12]",3,17
w6bb907b,,,,,,,10151.0,training,"[0, 0]",9,53.0,,[11],1,20
w6392fb9,,,,,,,41341.0,training,[],0,42.0,,"[10, 6, 2, 1, 5, 9, 7, 8, 12, 11, 4, 3]",12,54
w6392fb9,,,,,,,21934.0,training,[],1,47.0,,"[7, 8, 12, 11, 4, 3, 1, 2, 10]",9,18
w6392fb9,,,,,,,24221.0,training,[],2,34.0,,"[4, 3, 7, 8, 11, 12, 10, 9, 2, 1]",10,9
w6392fb9,,,,,,,14243.0,training,[],3,40.0,,"[4, 3, 7, 8, 12, 11, 10, 9]",8,28
w6392fb9,,,,,,,15287.0,training,[],4,46.0,,"[11, 12, 8, 7, 3, 4, 6, 2]",8,24
w6392fb9,,,,,,,14762.0,training,[],5,54.0,,"[11, 12, 8, 7, 3, 4]",6,22
w6392fb9,,,,,,,20891.0,training,[],6,38.0,,"[11, 12, 4, 3, 7, 8, 6, 10, 9, 5]",10,52
w6392fb9,,,,,,,13659.0,training,[],7,52.0,,"[11, 12, 8, 7, 3, 4, 2, 1]",8,43
w6392fb9,,,,,,,17403.0,training,[],8,40.0,,"[11, 12, 8, 7, 3, 4, 6, 10, 9, 5]",10,47
w6392fb9,,,,,,,12968.0,training,[],9,24.0,,"[4, 3, 7, 8, 11, 12]",6,8
w9964b87,,,,,,,32134.0,training,[],0,48.0,,"[5, 9, 6, 7, 8, 10, 11, 12, 1, 2, 3, 4]",12,43
w9964b87,,,,,,,18262.0,training,[],1,10.0,,"[5, 9, 10, 11, 12, 8, 6, 7, 3, 2, 4, 1]",12,39
w9964b87,,,,,,,16370.0,training,[],2,18.0,,"[5, 9, 10, 11, 12, 1, 2, 4, 3, 7, 6, 8]",12,11
w9964b87,,,,,,,16229.0,training,[],3,16.0,,"[9, 10, 11, 2, 1, 4, 3, 5, 6, 7]",10,33
w9964b87,,,,,,,16584.0,training,[],4,36.0,,"[1, 2, 3, 4, 10, 11, 9, 5, 7, 6, 8, 12]",12,48
w9964b87,,,,,,,14838.0,training,[],5,34.0,,"[9, 10, 12, 11, 6, 7, 5, 3, 2, 4]",10,35
w9964b87,,,,,,,13632.0,training,[],6,38.0,,"[9, 10, 5, 6, 1, 2, 3, 4, 11, 12, 8, 7]",12,47
w9964b87,,,,,,,9883.0,training,[],7,56.0,,"[9, 10, 11, 12]",4,31
w9964b87,,,,,,,34230.0,training,[],8,18.0,,"[9, 10, 12, 11, 6, 5, 7, 8, 3, 4, 2, 1]",12,29
w9964b87,,,,,,,12249.0,training,[],9,44.0,,"[9, 10, 11, 12, 5, 6, 7, 8, 1, 2, 4, 3]",12,10
w5c03936,,,,,,,31760.0,training,[],0,25.0,,"[5, 1, 2, 3, 4, 9, 10, 11, 12, 6, 8]",11,15
w5c03936,,,,,,,10156.0,training,[],1,23.0,,"[1, 2, 3]",3,36
w5c03936,,,,,,,22556.0,training,[],2,30.0,,"[1, 2, 4, 3]",4,35
w5c03936,,,,,,,11117.0,training,[],3,48.0,,"[9, 10, 11, 12]",4,55
w5c03936,,,,,,,15876.0,training,[],4,43.0,,"[5, 6, 8, 7, 1, 2, 3, 4, 9, 10, 11]",11,3
w5c03936,,,,,,,10141.0,training,[],5,41.0,,"[9, 10, 11]",3,50
w5c03936,,,,,,,10780.0,training,[],6,50.0,,"[1, 2, 3, 9, 10, 11]",6,27
w5c03936,,,,,,,15600.0,training,[],7,10.0,,"[5, 6, 8, 7, 1, 2, 3, 4, 9, 10, 11, 12]",12,39
w5c03936,,,,,,,20810.0,training,[],8,42.0,,"[9, 10, 11, 12]",4,53
w5c03936,,,,,,,11985.0,training,[],9,37.0,,"[1, 2, 3, 4, 9, 10, 11, 12, 5, 6, 7]",11,23
w6b242c5,,,,,,,32936.0,training,[],0,20.0,,"[4, 1]",2,0
w6b242c5,,,,,,,14404.0,training,[],1,41.0,,"[7, 11, 4]",3,40
w6b242c5,,,,,,,12164.0,training,[],2,33.0,,[4],1,12
w6b242c5,,,,,,,10248.0,training,[],3,51.0,,[3],1,34
w6b242c5,,,,,,,8877.0,training,[],4,50.0,,"[3, 7]",2,4
w6b242c5,,,,,,,12080.0,training,[],5,50.0,,"[7, 3]",2,41
w6b242c5,,,,,,,16478.0,training,[],6,16.0,,"[3, 7, 11, 4]",4,32
w6b242c5,,,,,,,11900.0,training,[],7,50.0,,"[7, 8, 3, 4, 11, 12]",6,56
w6b242c5,,,,,,,8729.0,training,[],8,58.0,,"[11, 4]",2,43
w6b242c5,,,,,,,16542.0,training,[],9,24.0,,"[4, 3, 7, 8, 11, 12]",6,44
w827fc90,,,,,,,20066.0,training,[],0,-28.0,,[],0,55
w827fc90,,,,,,,14360.0,training,[],1,-44.0,,"[1, 9]",2,53
w827fc90,,,,,,,12665.0,training,[],2,54.0,,"[9, 11]",2,27
w827fc90,,,,,,,14756.0,training,[],3,21.0,,"[5, 9, 3]",3,37
w827fc90,,,,,,,10923.0,training,[],4,9.0,,"[5, 1, 11]",3,5
w827fc90,,,,,,,8150.0,training,[],5,28.0,,"[5, 8]",2,29
w827fc90,,,,,,,11221.0,training,[],6,21.0,,"[1, 9, 12]",3,14
w827fc90,,,,,,,10367.0,training,[],7,19.0,,"[5, 1, 4]",3,0
w827fc90,,,,,,,7965.0,training,[],8,19.0,,"[5, 1, 3]",3,58
w827fc90,,,,,,,7735.0,training,[],9,58.0,,"[9, 12]",2,17
w8474857,,,,,,,118210.0,training,"[3, 2, 0, 15]",0,27.0,,"[5, 12, 8]",3,29
w8474857,,,,,,,13771.0,training,"[0, 0, 0, 0]",1,41.0,,"[4, 7, 12]",3,35
w8474857,,,,,,,10204.0,training,"[0, 0, 0, 0]",2,51.0,,"[8, 3, 11]",3,20
w8474857,,,,,,,10550.0,training,"[0, 0]",3,55.0,,[11],1,27
w8474857,,,,,,,9460.0,training,"[0, 0, 0]",4,50.0,,"[8, 3]",2,34
w8474857,,,,,,,9452.0,training,"[0, 0, 0, 0, 0]",5,34.0,,"[11, 4, 7, 8]",4,1
w8474857,,,,,,,19681.0,training,"[0, 0, 0, 0, 0, 0, 0, 4]",6,23.0,,"[8, 7, 3, 4, 12, 11, 10]",7,44
w8474857,,,,,,,16871.0,training,"[0, 0, 0, 0, 0, 0, 2, 2, 0, 0, 0]",7,20.0,,"[11, 4, 3, 7, 8, 12, 5, 6, 2, 10]",10,11
w8474857,,,,,,,10382.0,training,"[0, 0, 0, 3, 0]",8,44.0,,"[7, 8, 3, 4]",4,25
w8474857,,,,,,,15943.0,training,"[0, 0, 0]",9,48.0,,"[7, 8]",2,21
w61f7f66,,,,,,,73825.0,training,[],0,18.0,,"[1, 2, 3, 4, 9, 10, 11, 12, 5, 6, 8, 7]",12,2
w61f7f66,,,,,,,25427.0,training,[],1,48.0,,"[9, 10, 12, 11, 5, 6, 8, 7, 1, 2, 4, 3]",12,43
w61f7f66,,,,,,,26181.0,training,[],2,42.0,,"[5, 6, 8, 7, 12, 10, 11, 9, 1, 2, 3, 4]",12,24
w61f7f66,,,,,,,28433.0,training,[],3,18.0,,"[5, 6, 7, 8, 12, 10, 11, 9, 1, 2, 3, 4]",12,11
w61f7f66,,,,,,,21785.0,training,[],4,26.0,,"[9, 10, 11, 12, 5, 6, 7, 8, 1, 2, 4, 3]",12,45
w61f7f66,,,,,,,14320.0,training,[],5,48.0,,"[12, 10, 11, 9, 4, 3, 2, 1]",8,46
w61f7f66,,,,,,,21934.0,training,[],6,36.0,,"[1, 2, 4, 3, 11, 12, 10, 9, 5, 6, 7, 8]",12,5
w61f7f66,,,,,,,18620.0,training,[],7,24.0,,"[8, 6, 7, 5, 9, 10, 12, 11, 1, 2, 4, 3]",12,15
w61f7f66,,,,,,,45912.0,training,[],8,26.0,,"[5, 6, 8, 7]",4,17
w61f7f66,,,,,,,12799.0,training,[],9,26.0,,"[9, 10, 12, 11]",4,8
w66dbfb9,,,,,,,38433.0,training,[],0,54.0,,"[5, 9, 1, 2]",4,19
w66dbfb9,,,,,,,22204.0,training,[],1,40.0,,"[9, 10, 5, 1, 2, 3, 4, 11]",8,58
w66dbfb9,,,,,,,21503.0,training,[],2,12.0,,"[12, 4, 7, 8, 3, 11]",6,14
w66dbfb9,,,,,,,8243.0,training,[],3,43.0,,[12],1,16
w66dbfb9,,,,,,,15147.0,training,[],4,30.0,,"[12, 11, 3, 4, 7, 8]",6,15
w66dbfb9,,,,,,,13454.0,training,[],5,58.0,,"[8, 7]",2,22
w66dbfb9,,,,,,,12714.0,training,[],6,43.0,,"[12, 11, 4, 3, 7]",5,23
w66dbfb9,,,,,,,7960.0,training,[],7,53.0,,[8],1,38
w66dbfb9,,,,,,,11764.0,training,[],8,42.0,,"[8, 7, 3, 4, 11, 12]",6,28
w66dbfb9,,,,,,,12902.0,training,[],9,37.0,,[12],1,13
w2ab54ce,,,,,,,53236.0,training,"[0, 2, 0, 3, 0, 3, 0]",0,48.0,,"[4, 2, 3, 1, 11, 12]",6,3
w2ab54ce,,,,,,,19115.0,training,"[0, 0, 0, 0]",1,37.0,,"[4, 3, 11]",3,51
w2ab54ce,,,,,,,15563.0,training,"[0, 0, 0, 0, 0, 0]",2,43.0,,"[7, 11, 8, 12, 3]",5,5
w2ab54ce,,,,,,,12046.0,training,"[0, 0, 0, 0]",3,35.0,,"[4, 8, 12]",3,13
w2ab54ce,,,,,,,12068.0,training,"[0, 0, 0, 0]",4,57.0,,"[11, 7, 12]",3,31
w2ab54ce,,,,,,,10362.0,training,"[0, 0]",5,41.0,,[3],1,38
w2ab54ce,,,,,,,31872.0,training,"[0, 0, 0, 0, 0, 0, 3, 0]",6,23.0,,"[12, 7, 11, 8, 4, 3, 10]",7,57
w2ab54ce,,,,,,,10227.0,training,"[0, 0, 0, 0, 0]",7,38.0,,"[3, 12, 7, 8]",4,52
w2ab54ce,,,,,,,11205.0,training,"[0, 0, 0, 0, 0]",8,44.0,,"[4, 8, 7, 12]",4,28
w2ab54ce,,,,,,,9140.0,training,"[0, 0, 0, 0]",9,45.0,,"[4, 8, 12]",3,48
w109f0ec,,,,,,,28840.0,training,[],0,36.0,,"[9, 10, 12, 11, 5, 6, 1, 2, 3, 4, 7, 8]",12,23
w109f0ec,,,,,,,23722.0,training,[],1,26.0,,"[9, 1, 5, 7, 11, 4, 6, 8, 10, 12, 2, 3]",12,1
w109f0ec,,,,,,,13428.0,training,[],2,51.0,,"[8, 6, 5]",3,24
w109f0ec,,,,,,,14085.0,training,[],3,40.0,,"[9, 12, 8, 7, 11, 4, 3, 1, 2, 10]",10,25
w109f0ec,,,,,,,17840.0,training,[],4,18.0,,"[9, 11, 4, 7, 3, 8, 12, 6, 5, 10, 1, 2]",12,11
w109f0ec,,,,,,,10200.0,training,[],5,50.0,,"[11, 12, 7, 8, 3, 4]",6,10
w109f0ec,,,,,,,9136.0,training,[],6,24.0,,"[4, 3, 7, 8, 12, 11]",6,57
w109f0ec,,,,,,,21930.0,training,[],7,14.0,,"[4, 3, 7, 8, 11, 12, 5, 6, 9, 10, 1, 2]",12,36
w109f0ec,,,,,,,12714.0,training,[],8,42.0,,"[11, 12, 8, 7, 3, 4, 1, 2, 9, 10]",10,34
w109f0ec,,,,,,,10619.0,training,[],9,51.0,,"[4, 11, 12, 8, 7, 9, 10, 1, 2]",9,31
w0ad7a18,,,,,,,17816.0,training,[],0,19.0,,"[1, 5, 9]",3,7
w0ad7a18,,,,,,,17633.0,training,[],1,51.0,,"[1, 10, 6, 7, 4]",5,18
w0ad7a18,,,,,,,15220.0,training,[],2,18.0,,"[10, 6, 2, 4, 12, 8]",6,36
w0ad7a18,,,,,,,10835.0,training,[],3,44.0,,"[2, 9, 8, 12]",4,48
w0ad7a18,,,,,,,13586.0,training,[],4,24.0,,"[2, 10, 6, 7, 11, 3]",6,32
w0ad7a18,,,,,,,15082.0,training,[],5,24.0,,"[2, 10, 6, 7, 3, 11]",6,11
w0ad7a18,,,,,,,14197.0,training,[],6,38.0,,"[10, 2, 6, 7, 4, 12]",6,40
w0ad7a18,,,,,,,17405.0,training,[],7,16.0,,"[10, 2, 6, 7, 4, 11, 8, 12]",8,5
w0ad7a18,,,,,,,12147.0,training,[],8,47.0,,"[10, 2, 6, 4, 3]",5,41
w0ad7a18,,,,,,,16012.0,training,[],9,30.0,,"[10, 6, 2, 3, 11, 8]",6,31
w5c088bb,,,,,,,12326.0,training,[],0,50.0,,"[7, 8]",2,16
w5c088bb,,,,,,,10271.0,training,[],1,48.0,,"[11, 12, 7, 8]",4,26
w5c088bb,,,,,,,11188.0,training,[],2,48.0,,"[8, 3]",2,6
w5c088bb,,,,,,,10051.0,training,[],3,41.0,,"[3, 4, 11]",3,9
w5c088bb,,,,,,,14751.0,training,[],4,18.0,,"[8, 12, 11, 7, 3, 4, 2, 1, 10, 6, 5, 9]",12,57
w5c088bb,,,,,,,8794.0,training,[],5,15.0,,"[7, 8, 12, 11, 10]",5,33
w5c088bb,,,,,,,9430.0,training,[],6,17.0,,"[3, 11, 12, 7, 8]",5,43
w5c088bb,,,,,,,7438.0,training,[],7,17.0,,[7],1,0
w5c088bb,,,,,,,11870.0,training,[],8,47.0,,"[3, 11, 8, 12, 7]",5,4
w5c088bb,,,,,,,15337.0,training,[],9,10.0,,"[3, 11, 12, 8, 7, 6, 10, 9, 4, 2, 5, 1]",12,30
w5a140d3,,,,,,,70034.0,training,[],0,6.0,,"[5, 9, 1, 2, 6, 8, 12, 11, 10, 7, 3, 4]",12,45
w5a140d3,,,,,,,14755.0,training,[],1,51.0,,"[4, 3, 7, 8, 12]",5,56
w5a140d3,,,,,,,11719.0,training,[],2,30.0,,"[12, 11, 7, 8, 3, 4]",6,15
w5a140d3,,,,,,,10038.0,training,[],3,53.0,,[8],1,38
w5a140d3,,,,,,,20084.0,training,[],4,44.0,,"[8, 12]",2,53
w5a140d3,,,,,,,11469.0,training,[],5,48.0,,"[7, 3, 4, 11, 12, 8]",6,32
w5a140d3,,,,,,,11016.0,training,[],6,38.0,,"[8, 7, 3, 4, 11, 12]",6,35
w5a140d3,,,,,,,18484.0,training,[],7,59.0,,[12],1,31
w5a140d3,,,,,,,19694.0,training,[],8,44.0,,"[7, 3, 4, 11]",4,58
w5a140d3,,,,,,,20395.0,training,[],9,40.0,,"[3, 4, 11, 12]",4,16
w03d79e5,,,,,,,83470.0,training,[],0,18.0,,"[9, 5, 6, 8, 7, 10, 12, 11, 1, 2, 4, 3]",12,29
w03d79e5,,,,,,,10977.0,training,[],1,54.0,,"[5, 6, 8, 9, 10, 12]",6,31
w03d79e5,,,,,,,34120.0,training,[],2,24.0,,"[9, 10, 12, 5, 6, 8]",6,2
w03d79e5,,,,,,,15466.0,training,[],3,32.0,,"[5, 6, 8, 9, 10, 12]",6,1
w03d79e5,,,,,,,20369.0,training,[],4,17.0,,"[5, 6, 9]",3,33
w03d79e5,,,,,,,11805.0,training,[],5,46.0,,"[9, 5, 6, 8, 10, 12]",6,55
w03d79e5,,,,,,,9117.0,training,[],6,33.0,,"[9, 10, 12]",3,15
w03d79e5,,,,,,,12064.0,training,[],7,51.0,,"[5, 6, 8]",3,24
w03d79e5,,,,,,,22426.0,training,[],8,19.0,,"[5, 6, 8]",3,7
w03d79e5,,,,,,,11080.0,training,[],9,-21.0,,"[5, 8, 6]",3,57
w4a334cd,,,,,,,87665.0,training,"[3, 42]",0,29.0,,[5],1,58
w4a334cd,,,,,,,81874.0,training,"[3, 41]",1,-27.0,,[1],1,51
w4a334cd,,,,,,,30486.0,training,"[0, 18]",2,21.0,,[11],1,43
w4a334cd,,,,,,,43796.0,training,"[0, 0, 2, 14]",3,27.0,,"[3, 12, 2]",3,44
w4a334cd,,,,,,,31070.0,training,"[0, 3, 0]",4,36.0,,"[7, 8]",2,46
w4a334cd,,,,,,,25872.0,training,"[0, 0, 0, 0, 0, 0]",5,39.0,,"[12, 4, 7, 8, 11]",5,50
w4a334cd,,,,,,,17824.0,training,"[0, 0, 0, 3, 0]",6,38.0,,"[4, 3, 12, 11]",4,21
w4a334cd,,,,,,,9863.0,training,"[0, 0, 0, 0]",7,45.0,,"[7, 12, 11]",3,59
w4a334cd,,,,,,,11595.0,training,"[0, 0, 0, 0]",8,49.0,,"[4, 3, 7]",3,4
w4a334cd,,,,,,,9337.0,training,"[0, 0, 0]",9,54.0,,"[12, 11]",2,41
w093eaeb,,,,,,,105478.0,training,"[3, 3, 40]",0,-14.0,,"[9, 5]",2,20
w093eaeb,,,,,,,59174.0,training,[42],1,30.0,,[],0,55
w093eaeb,,,,,,,67676.0,training,"[0, 40]",2,29.0,,[12],1,57
w093eaeb,,,,,,,29761.0,training,"[0, 3, 0]",3,42.0,,"[8, 7]",2,40
w093eaeb,,,,,,,91801.0,training,"[0, 0, 0, 32]",4,33.0,,"[4, 12, 7]",3,15
w093eaeb,,,,,,,31337.0,training,"[0, 0, 0, 2, 0]",5,44.0,,"[11, 3, 8, 12]",4,23
w093eaeb,,,,,,,34647.0,training,"[0, 3, 2, 2, 0]",6,36.0,,"[11, 1, 3, 8]",4,51
w093eaeb,,,,,,,28987.0,training,"[0, 0, 0, 0]",7,41.0,,"[7, 4, 11]",3,9
w093eaeb,,,,,,,57252.0,training,"[0, 0, 0, 15]",8,-53.0,,"[8, 11, 3]",3,11
w093eaeb,,,,,,,21362.0,training,"[0, 0, 0, 2, 0]",9,50.0,,"[11, 3, 8, 4]",4,24
w7bcba3b,,,,,,,25194.0,training,[],0,27.0,,"[7, 12, 10]",3,8
w7bcba3b,,,,,,,30073.0,training,[],1,30.0,,"[7, 11, 8, 6]",4,28
w7bcba3b,,,,,,,21149.0,training,[],2,43.0,,"[3, 4, 1, 2, 9, 8, 5, 7, 6]",9,4
w7bcba3b,,,,,,,9606.0,training,[],3,56.0,,"[11, 10, 12, 9]",4,31
w7bcba3b,,,,,,,13775.0,training,[],4,52.0,,"[3, 4, 12, 11, 7, 8, 5, 6]",8,22
w7bcba3b,,,,,,,18074.0,training,[],5,12.0,,"[4, 3, 7, 8, 12, 11, 9, 10, 5, 6, 1, 2]",12,14
w7bcba3b,,,,,,,12252.0,training,[],6,42.0,,"[3, 1, 2, 4, 12, 11, 9, 10]",8,25
w7bcba3b,,,,,,,15914.0,training,[],7,14.0,,"[7, 8, 12, 11, 3, 4, 9, 10, 5, 6, 1, 2]",12,36
w7bcba3b,,,,,,,12591.0,training,[],8,32.0,,"[4, 3, 12, 11, 7, 8, 9, 10, 5, 6]",10,2
w7bcba3b,,,,,,,11819.0,training,[],9,23.0,,"[4, 3, 11, 12, 8, 7, 1]",7,49
w0d91644,,,,,,,28967.0,training,[],0,45.0,,"[8, 12, 5, 3, 7, 11, 4]",7,4
w0d91644,,,,,,,18622.0,training,[],1,37.0,,"[11, 12, 7, 8, 4, 3, 9]",7,50
w0d91644,,,,,,,14021.0,training,[],2,43.0,,"[11, 12, 8, 7, 3, 4, 2]",7,6
w0d91644,,,,,,,22602.0,training,[],3,34.0,,"[11, 12, 7, 8, 3, 4, 1, 2, 6, 5]",10,40
w0d91644,,,,,,,23851.0,training,[],4,44.0,,"[7, 8, 12, 11, 4, 3, 2, 6, 5, 1]",10,26
w0d91644,,,,,,,18611.0,training,[],5,46.0,,"[11, 12, 8, 7, 3, 4, 2, 10, 1, 9]",10,41
w0d91644,,,,,,,13030.0,training,[],6,46.0,,"[7, 8, 12, 11, 4, 3, 10, 9]",8,20
w0d91644,,,,,,,12767.0,training,[],7,38.0,,"[4, 3, 7, 8, 12, 11, 10, 6, 9, 5]",10,59
w0d91644,,,,,,,13311.0,training,[],8,46.0,,"[4, 3, 11, 12, 8, 7, 6, 2, 1, 5]",10,46
w0d91644,,,,,,,29436.0,training,[],9,28.0,,"[4, 3, 7, 8, 12, 11, 10, 9, 6, 5]",10,29
wb35a5f8,,,,,,,47466.0,training,[],0,37.0,,"[4, 3, 7]",3,27
wb35a5f8,,,,,,,30133.0,training,[],1,49.0,,"[11, 12, 8]",3,26
wb35a5f8,,,,,,,31156.0,training,[],2,54.0,,"[3, 12, 11, 7, 8, 4]",6,43
wb35a5f8,,,,,,,16445.0,training,[],3,55.0,,"[4, 3, 1]",3,19
wb35a5f8,,,,,,,19019.0,training,[],4,48.0,,"[7, 8, 12, 10, 4, 2]",6,53
wb35a5f8,,,,,,,28272.0,training,[],5,17.0,,"[4, 7, 12, 11, 8, 3, 10]",7,42
wb35a5f8,,,,,,,19263.0,training,[],6,22.0,,"[3, 7, 12, 11, 4, 8, 6, 2]",8,11
wb35a5f8,,,,,,,11448.0,training,[],7,48.0,,"[4, 11, 12, 10]",4,55
wb35a5f8,,,,,,,9873.0,training,[],8,49.0,,"[11, 12, 10]",3,37
wb35a5f8,,,,,,,15985.0,training,[],9,24.0,,"[7, 3, 4, 8, 12, 11]",6,57
w93869a6,,,,,,,49892.0,training,[],0,35.0,,"[6, 10, 2, 7, 11, 4, 3, 12, 8]",9,40
w93869a6,,,,,,,16571.0,training,[],1,35.0,,"[4, 3, 12, 7, 8, 9, 11]",7,2
w93869a6,,,,,,,11766.0,training,[],2,47.0,,"[11, 8, 7]",3,47
w93869a6,,,,,,,14076.0,training,[],3,19.0,,"[11, 3, 7, 12, 8, 4, 2]",7,33
w93869a6,,,,,,,10698.0,training,[],4,47.0,,[11],1,52
w93869a6,,,,,,,11879.0,training,[],5,48.0,,"[7, 11]",2,25
w93869a6,,,,,,,11186.0,training,[],6,10.0,,"[7, 12, 11, 3, 4, 8]",6,30
w93869a6,,,,,,,9027.0,training,[],7,58.0,,"[11, 7]",2,22
w93869a6,,,,,,,9719.0,training,[],8,43.0,,[11],1,50
w93869a6,,,,,,,9420.0,training,[],9,53.0,,"[7, 11, 12]",3,56
w202e807,,,,,,,29872.0,training,[],0,49.0,,"[1, 2, 4, 3, 5, 6, 7]",7,10
w202e807,,,,,,,49660.0,training,[],1,20.0,,"[4, 2, 10, 6]",4,37
w202e807,,,,,,,20567.0,training,[],2,42.0,,"[9, 5, 1, 2, 4, 3, 10, 11, 12, 6, 7, 8]",12,3
w202e807,,,,,,,22820.0,training,[],3,49.0,,"[2, 4, 3, 7, 8, 6, 5, 10, 11, 12, 9]",11,17
w202e807,,,,,,,25655.0,training,[],4,12.0,,"[1, 9, 5, 4, 3, 7, 8, 6, 11, 10, 12, 2]",12,42
w202e807,,,,,,,17960.0,training,[],5,45.0,,"[4, 3, 7, 8, 5, 6, 10, 12, 11]",9,24
w202e807,,,,,,,19264.0,training,[],6,32.0,,"[1, 4, 3, 7, 8, 12, 11, 10, 9, 5, 6, 2]",12,50
w202e807,,,,,,,18904.0,training,[],7,36.0,,"[4, 3, 7, 8, 6, 5, 9, 10, 11, 12, 2, 1]",12,5
w202e807,,,,,,,19361.0,training,[],8,24.0,,"[10, 11, 12, 6, 8, 7, 5, 3, 4, 2, 1, 9]",12,15
w202e807,,,,,,,15394.0,training,[],9,32.0,,"[4, 11, 12, 10, 9, 5, 6, 8, 7, 3, 2, 1]",12,35
w88fa9c1,,,,,,,28308.0,training,"[3, 0, 0, 0, 0, 0, 0, 0]",0,23.0,,"[1, 3, 4, 11, 12, 8, 7]",7,49
w88fa9c1,,,,,,,13676.0,training,"[0, 3, 0]",1,54.0,,"[3, 4]",2,46
w88fa9c1,,,,,,,14361.0,training,"[0, 0, 0, 0, 0, 0, 0]",2,32.0,,"[3, 11, 12, 7, 8, 4]",6,45
w88fa9c1,,,,,,,13165.0,training,"[0, 0, 0, 0, 0, 0, 0]",3,24.0,,"[4, 11, 3, 7, 8, 12]",6,57
w88fa9c1,,,,,,,9830.0,training,"[0, 0, 0, 0, 0, 0]",4,39.0,,"[11, 3, 7, 4, 12]",5,16
w88fa9c1,,,,,,,8486.0,training,"[0, 0, 0, 0, 0]",5,44.0,,"[3, 4, 11, 7]",4,23
w88fa9c1,,,,,,,9470.0,training,"[0, 0, 0]",6,54.0,,"[3, 4]",2,10
w88fa9c1,,,,,,,10515.0,training,"[0, 0]",7,55.0,,[4],1,18
w88fa9c1,,,,,,,9527.0,training,"[0, 0, 0, 0, 0]",8,38.0,,"[4, 11, 12, 3]",4,7
w88fa9c1,,,,,,,9645.0,training,"[0, 0]",9,57.0,,[3],1,19
we2c2af5,,,,,,,21402.0,training,[],0,44.0,,"[4, 2, 3, 1, 7, 6, 8, 5, 12, 10, 9, 11]",12,56
we2c2af5,,,,,,,22986.0,training,[],1,28.0,,"[12, 10, 11, 9, 4, 2, 3, 1, 5, 6, 7, 8]",12,51
we2c2af5,,,,,,,13092.0,training,[],2,48.0,,"[9, 10, 5, 6, 8, 7, 12, 11, 4, 3, 2, 1]",12,43
we2c2af5,,,,,,,24002.0,training,[],3,48.0,,"[1, 2, 3, 4, 9, 5, 8, 7, 12, 11]",10,12
we2c2af5,,,,,,,14336.0,training,[],4,44.0,,"[3, 4, 12, 8, 7, 11, 10, 9, 5, 6]",10,20
we2c2af5,,,,,,,11928.0,training,[],5,48.0,,"[8, 7, 6, 5, 3, 2, 4, 1, 11, 10, 12, 9]",12,31
we2c2af5,,,,,,,12143.0,training,[],6,18.0,,"[9, 10, 12, 11, 5, 6, 8, 7, 1, 2, 3, 4]",12,11
we2c2af5,,,,,,,14849.0,training,[],7,18.0,,"[5, 9, 6, 10, 12, 8, 11, 7, 1, 2, 3, 4]",12,8
we2c2af5,,,,,,,14046.0,training,[],8,53.0,,"[9, 5, 8, 12, 11, 7, 6]",7,22
we2c2af5,,,,,,,11351.0,training,[],9,44.0,,"[8, 7, 5, 6, 11, 12, 9, 10]",8,37
wfcb5827,,,,,,,28496.0,training,[],0,48.0,,"[1, 2, 10, 6, 7, 8]",6,58
wfcb5827,,,,,,,19013.0,training,[],1,31.0,,"[10, 6, 2, 7, 8]",5,44
wfcb5827,,,,,,,18656.0,training,[],2,15.0,,"[10, 2, 6, 7, 8, 12, 11, 4, 3]",9,14
wfcb5827,,,,,,,11067.0,training,[],3,50.0,,"[6, 2, 10, 4]",4,53
wfcb5827,,,,,,,16962.0,training,[],4,29.0,,"[10, 2, 6, 3, 4, 7, 8, 12, 11]",9,29
wfcb5827,,,,,,,16316.0,training,[],5,43.0,,"[10, 2, 6, 4, 3, 7, 8, 12, 11]",9,16
wfcb5827,,,,,,,14500.0,training,[],6,41.0,,"[10, 2, 6, 7, 8, 12, 11, 4, 3]",9,6
wfcb5827,,,,,,,8686.0,training,[],7,59.0,,[4],1,43
wfcb5827,,,,,,,9445.0,training,[],8,43.0,,"[4, 3, 7, 8, 12]",5,48
wfcb5827,,,,,,,11770.0,training,[],9,24.0,,"[12, 11, 4, 3, 7, 8]",6,57
w7e4b254,,,,,,,24548.0,training,[],0,29.0,,"[9, 6, 7, 8, 3, 4, 11, 12, 10]",9,13
w7e4b254,,,,,,,13096.0,training,[],1,50.0,,"[12, 8, 7, 11, 4, 3, 1, 2]",8,12
w7e4b254,,,,,,,10247.0,training,[],2,34.0,,"[4, 3, 7, 8, 12, 11, 10, 9]",8,2
w7e4b254,,,,,,,9917.0,training,[],3,48.0,,"[11, 12, 4, 3, 7, 8, 10, 9]",8,56
w7e4b254,,,,,,,9876.0,training,[],4,51.0,,[12],1,37
w7e4b254,,,,,,,9567.0,training,[],5,40.0,,"[12, 11, 4, 3, 7, 8, 10, 9]",8,59
w7e4b254,,,,,,,18523.0,training,[],6,14.0,,"[12, 11, 4, 3, 7, 8, 9, 6, 10, 5, 1, 2]",12,36
w7e4b254,,,,,,,12226.0,training,[],7,46.0,,"[8, 7, 11, 12, 4, 3, 2, 10, 1, 9]",10,18
w7e4b254,,,,,,,10213.0,training,[],8,44.0,,"[12, 11, 4, 3, 7, 8]",6,6
w7e4b254,,,,,,,9285.0,training,[],9,42.0,,"[12, 11, 4, 3, 7, 8]",6,5
w98ec025,,,,,,,55684.0,training,"[0, 18]",0,29.0,,[7],1,24
w98ec025,,,,,,,75109.0,training,"[0, 0, 2, 2, 30]",1,56.0,,"[4, 12, 6, 3]",4,22
w98ec025,,,,,,,69546.0,training,"[0, 2, 38]",2,12.0,,"[7, 2]",2,45
w98ec025,,,,,,,55701.0,training,"[0, 0, 2, 36]",3,37.0,,"[8, 4, 10]",3,51
w98ec025,,,,,,,22489.0,training,"[0, 0, 0, 0, 0, 0, 0]",4,24.0,,"[8, 4, 12, 7, 3, 11]",6,57
w98ec025,,,,,,,11580.0,training,"[0, 0, 0, 0, 0]",5,44.0,,"[12, 3, 4, 8]",4,23
w98ec025,,,,,,,12918.0,training,"[0, 0, 0]",6,40.0,,"[7, 4]",2,31
w98ec025,,,,,,,12659.0,training,"[0, 0, 0]",7,46.0,,"[7, 12]",2,58
w98ec025,,,,,,,14147.0,training,"[0, 0, 0, 0]",8,49.0,,"[4, 8, 12]",3,37
w98ec025,,,,,,,17782.0,training,"[0, 0, 0, 0, 0]",9,50.0,,"[3, 12, 11, 8]",4,32
w9c4b289,,,,,,,79294.0,training,"[3, 3, 0, 0, 3, 3, 3, 2, 7]",0,28.0,,"[1, 2, 3, 4, 5, 6, 9, 10]",8,21
w9c4b289,,,,,,,42370.0,training,"[3, 2, 0, 0, 3, 3, 6]",1,28.0,,"[5, 6, 7, 8, 9, 1]",6,28
w9c4b289,,,,,,,58000.0,training,"[3, 3, 3, 3, 0, 0, 3, 2, 2, 3, 0, 0, 0]",2,26.0,,"[1, 9, 5, 10, 11, 12, 2, 3, 4, 6, 7, 8]",12,1
w9c4b289,,,,,,,29670.0,training,"[3, 3, 0, 0, 7]",3,32.0,,"[5, 6, 7, 8]",4,56
w9c4b289,,,,,,,52501.0,training,"[3, 3, 3, 3, 0, 0, 2, 3, 2, 3, 0, 0]",4,43.0,,"[9, 1, 5, 2, 3, 4, 7, 6, 8, 10, 11]",11,3
w9c4b289,,,,,,,22265.0,training,"[3, 2, 2, 3, 0]",5,42.0,,"[1, 2, 3, 4]",4,0
w9c4b289,,,,,,,43313.0,training,"[3, 2, 2, 2, 3, 3, 3, 0, 3, 0]",6,39.0,,"[1, 2, 3, 4, 5, 9, 10, 11, 12]",9,58
w9c4b289,,,,,,,25240.0,training,"[3, 3, 3, 3, 0, 0, 0]",7,38.0,,"[5, 1, 9, 10, 11, 12]",6,16
w9c4b289,,,,,,,42523.0,training,"[3, 2, 3, 3, 3, 3, 0, 0, 3, 0, 0, 0]",8,25.0,,"[9, 10, 11, 12, 1, 2, 3, 4, 5, 7, 8]",11,15
w9c4b289,,,,,,,18993.0,training,"[0, 2, 3, 0]",9,55.0,,"[3, 2, 1]",3,19
w1192040,,,,,,,41093.0,training,[],0,32.0,,"[1, 2, 6, 10]",4,31
w1192040,,,,,,,20392.0,training,[],1,46.0,,"[7, 12, 11, 8, 5, 6]",6,26
w1192040,,,,,,,14798.0,training,[],2,36.0,,"[4, 3, 2, 1, 7, 8]",6,17
w1192040,,,,,,,17710.0,training,[],3,16.0,,"[11, 12, 3, 4, 10, 7, 8, 9, 1, 2]",10,33
w1192040,,,,,,,10947.0,training,[],4,30.0,,"[11, 9, 10, 4, 3, 7, 8, 12]",8,29
w1192040,,,,,,,8884.0,training,[],5,52.0,,"[11, 12, 4, 3]",4,46
w1192040,,,,,,,9341.0,training,[],6,38.0,,"[7, 8, 12, 11]",4,2
w1192040,,,,,,,9148.0,training,[],7,39.0,,"[4, 3, 1]",3,7
w1192040,,,,,,,9546.0,training,[],8,36.0,,"[11, 12]",2,13
w1192040,,,,,,,8790.0,training,[],9,45.0,,"[3, 7, 5]",3,23
w355bc50,,,,,,,109386.0,training,[],0,21.0,,[9],1,43
w355bc50,,,,,,,15674.0,training,[],1,22.0,,"[2, 6, 12, 11, 10, 7, 5, 9]",8,32
w355bc50,,,,,,,13338.0,training,[],2,48.0,,"[8, 11, 10, 9, 3, 4, 2, 1]",8,18
w355bc50,,,,,,,15500.0,training,[],3,43.0,,"[4, 3, 7, 8, 12, 11, 9, 10, 2, 5, 6]",11,20
w355bc50,,,,,,,11594.0,training,[],4,43.0,,"[10, 11, 9, 6, 8, 3, 4, 2, 1]",9,34
w355bc50,,,,,,,10981.0,training,[],5,22.0,,"[2, 3, 10, 12, 9, 8, 7, 6]",8,8
w355bc50,,,,,,,9701.0,training,[],6,40.0,,"[10, 12, 2, 3, 1, 6, 8, 7]",8,5
w355bc50,,,,,,,13178.0,training,[],7,37.0,,"[3, 2, 10, 12, 6, 8, 1, 5, 7, 11, 9]",11,59
w355bc50,,,,,,,17032.0,training,[],8,11.0,,"[3, 2, 10, 12, 11, 6, 8, 7, 1, 5, 9]",11,30
w355bc50,,,,,,,11195.0,training,[],9,29.0,,"[6, 8, 10, 12, 4, 2, 7, 11, 3]",9,45
w03510c5,,,,,,,40109.0,training,"[3, 0, 3, 0]",0,55.0,,"[1, 3, 2]",3,19
w03510c5,,,,,,,20511.0,training,"[0, 3, 0]",1,56.0,,"[3, 1]",2,12
w03510c5,,,,,,,16206.0,training,"[0, 0, 0, 0, 0]",2,48.0,,"[3, 11, 7, 8]",4,16
w03510c5,,,,,,,31740.0,training,"[0, 18]",3,35.0,,[8],1,22
w03510c5,,,,,,,11843.0,training,"[0, 0, 0]",4,52.0,,"[7, 8]",2,58
w03510c5,,,,,,,10689.0,training,"[0, 0, 0, 0]",5,49.0,,"[8, 7, 3]",3,34
w03510c5,,,,,,,9216.0,training,"[0, 0, 0, 0]",6,51.0,,"[3, 4, 11]",3,20
w03510c5,,,,,,,9549.0,training,"[0, 0, 0, 0, 0, 0]",7,49.0,,"[4, 11, 12, 8, 7]",5,54
w03510c5,,,,,,,26243.0,training,"[0, 0, 0, 0, 0, 0, 3, 0, 3, 0]",8,15.0,,"[7, 8, 12, 11, 3, 4, 1, 2, 10]",9,14
w03510c5,,,,,,,10456.0,training,"[0, 0, 0]",9,46.0,,"[3, 11]",2,52
w5c82366,,,,,,,43637.0,training,[],0,47.0,,"[6, 10, 2, 7, 8, 4, 3]",7,24
w5c82366,,,,,,,16439.0,training,[],1,24.0,,"[10, 6, 2, 4, 3, 1]",6,29
w5c82366,,,,,,,14923.0,training,[],2,48.0,,"[2, 6, 10, 5, 7, 8]",6,58
w5c82366,,,,,,,20311.0,training,[],3,36.0,,"[6, 10, 2, 1, 5, 9, 7, 8]",8,40
w5c82366,,,,,,,14351.0,training,[],4,29.0,,"[6, 2, 10, 7, 8]",5,28
w5c82366,,,,,,,9748.0,training,[],5,48.0,,"[6, 2, 10, 3]",4,41
w5c82366,,,,,,,17572.0,training,[],6,-18.0,,"[6, 2, 3, 4, 10, 1]",6,15
w5c82366,,,,,,,10592.0,training,[],7,48.0,,"[10, 6, 11, 12]",4,37
w5c82366,,,,,,,9806.0,training,[],8,25.0,,"[10, 6, 2, 12, 11]",5,11
w5c82366,,,,,,,16489.0,training,[],9,26.0,,"[10, 2, 3, 4]",4,49
w7d702f2,,,,,,,33116.0,training,[],0,14.0,,"[9, 10, 11, 12, 4, 2, 3, 1, 5, 6, 8, 7]",12,36
w7d702f2,,,,,,,18310.0,training,[],1,12.0,,"[9, 10, 12, 11, 8, 7, 3, 4, 5, 6, 1, 2]",12,42
w7d702f2,,,,,,,14890.0,training,[],2,18.0,,"[12, 11, 8, 7, 3, 4, 5, 6, 2, 1, 9, 10]",12,11
w7d702f2,,,,,,,13382.0,training,[],3,36.0,,"[9, 10, 11, 12, 8, 7, 6, 5]",8,35
w7d702f2,,,,,,,12744.0,training,[],4,44.0,,"[9, 10, 11, 12]",4,58
w7d702f2,,,,,,,8978.0,training,[],5,51.0,,"[9, 10, 11]",3,20
w7d702f2,,,,,,,12892.0,training,[],6,48.0,,"[9, 10, 11, 12, 5, 6, 7, 8, 1, 3, 4, 2]",12,43
w7d702f2,,,,,,,15236.0,training,[],7,40.0,,"[4, 3, 11, 12, 10, 9, 8, 6, 5, 7]",10,21
w7d702f2,,,,,,,14260.0,training,[],8,43.0,,"[8, 7, 3, 1, 2, 4, 11, 9, 10]",9,34
w7d702f2,,,,,,,15906.0,training,[],9,45.0,,"[12, 11, 9, 10, 4, 3, 7, 8, 5, 6, 1]",11,27
w79cb3a2,,,,,,,16464.0,training,[],0,39.0,,"[10, 6, 7, 5, 8]",5,40
w79cb3a2,,,,,,,15171.0,training,[],1,2.0,,"[11, 4, 2, 3, 1, 7, 6, 8, 5, 9, 10, 12]",12,11
w79cb3a2,,,,,,,13805.0,training,[],2,21.0,,[11],1,53
w79cb3a2,,,,,,,13368.0,training,[],3,35.0,,"[10, 1, 5, 6, 7]",5,27
w79cb3a2,,,,,,,12586.0,training,[],4,34.0,,"[7, 8, 12, 11]",4,29
w79cb3a2,,,,,,,16423.0,training,[],5,49.0,,"[11, 10, 12, 9, 5, 7, 6, 8, 3]",9,12
w79cb3a2,,,,,,,11886.0,training,[],6,24.0,,"[11, 7, 3, 4, 12, 8]",6,49
w79cb3a2,,,,,,,13331.0,training,[],7,42.0,,"[12, 11]",2,50
w79cb3a2,,,,,,,11506.0,training,[],8,16.0,,"[11, 7, 8, 12]",4,33
w79cb3a2,,,,,,,11093.0,training,[],9,41.0,,[11],1,18
wbb1a933,,,,,,,148379.0,training,[42],0,52.0,,[],0,37
wbb1a933,,,,,,,47078.0,training,"[0, 0, 0, 0, 0, 0, 4]",1,12.0,,"[8, 7, 3, 4, 11, 12]",6,14
wbb1a933,,,,,,,48225.0,training,"[0, 2, 3, 0, 0, 2, 2, 3, 3, 0]",2,41.0,,"[12, 10, 11, 4, 3, 7, 8, 2, 1]",9,6
wbb1a933,,,,,,,19543.0,training,"[0, 0, 0, 3, 0]",3,46.0,,"[4, 3, 7, 5]",4,47
wbb1a933,,,,,,,9274.0,training,"[0, 0]",4,53.0,,[8],1,32
wbb1a933,,,,,,,22367.0,training,"[0, 0, 0, 0, 0, 0, 0, 3, 0]",5,18.0,,"[8, 7, 3, 4, 11, 12, 10, 2]",8,33
wbb1a933,,,,,,,10325.0,training,"[0, 0, 0, 0, 0]",6,54.0,,"[12, 11, 4, 3]",4,12
wbb1a933,,,,,,,10265.0,training,"[0, 0, 0, 0, 0]",7,52.0,,"[7, 3, 8, 4]",4,10
wbb1a933,,,,,,,9370.0,training,"[0, 0, 0, 0, 0]",8,56.0,,"[11, 7, 8, 12]",4,31
wbb1a933,,,,,,,9151.0,training,"[0, 0, 0, 0]",9,55.0,,"[12, 4, 3]",3,19
w21b72c7,,,,,,,33853.0,training,[],0,34.0,,"[5, 6, 7, 8, 12, 11, 4, 3]",8,52
w21b72c7,,,,,,,8208.0,training,[],1,30.0,,[],0,8
w21b72c7,,,,,,,34223.0,training,[],2,-18.0,,[],0,55
w21b72c7,,,,,,,10476.0,training,[],3,44.0,,[],0,35
w21b72c7,,,,,,,78951.0,training,[],4,-42.0,,[],0,9
w21b72c7,,,,,,,46453.0,training,[],5,18.0,,[],0,4
w21b72c7,,,,,,,83862.0,training,[],6,-16.0,,[],0,18
w21b72c7,,,,,,,53810.0,training,[],7,12.0,,[],0,24
w21b72c7,,,,,,,18596.0,training,[],8,18.0,,"[4, 3, 7, 8, 11, 12]",6,36
w21b72c7,,,,,,,12974.0,training,[],9,48.0,,"[3, 4, 11, 12, 8, 7, 1, 9]",8,10
w4004298,,,,,,,17695.0,training,[],0,48.0,,"[12, 3, 1, 2]",4,34
w4004298,,,,,,,10264.0,training,[],1,56.0,,"[3, 12, 11, 4]",4,43
w4004298,,,,,,,10045.0,training,[],2,47.0,,"[4, 7, 8]",3,21
w4004298,,,,,,,10752.0,training,[],3,37.0,,[11],1,29
w4004298,,,,,,,18118.0,training,[],4,14.0,,"[8, 4, 3, 7, 11, 12, 1, 2, 9, 10]",10,14
w4004298,,,,,,,11275.0,training,[],5,16.0,,"[4, 3, 7, 8, 12, 11]",6,39
w4004298,,,,,,,9848.0,training,[],6,50.0,,"[4, 3, 7, 8]",4,32
w4004298,,,,,,,9864.0,training,[],7,35.0,,"[4, 3, 7, 8, 12]",5,51
w4004298,,,,,,,28184.0,training,[],8,37.0,,"[4, 3, 7]",3,27
w4004298,,,,,,,12289.0,training,[],9,50.0,,"[4, 3, 7, 8, 12, 11, 1, 2, 9, 10]",10,31
wf9761ce,,,,,,,50334.0,training,[],0,18.0,,"[10, 2, 6, 5, 1, 9, 8, 7, 12, 11, 4, 3]",12,49
wf9761ce,,,,,,,17168.0,training,[],1,38.0,,"[11, 12, 4, 3, 7, 8, 6, 10, 9, 5]",10,52
wf9761ce,,,,,,,18343.0,training,[],2,40.0,,"[12, 11, 7, 8, 4, 3, 10, 2, 9, 1]",10,25
wf9761ce,,,,,,,25772.0,training,[],3,26.0,,"[12, 11, 4, 3, 7, 8, 10, 6, 2, 5]",10,44
wf9761ce,,,,,,,22614.0,training,[],4,40.0,,"[12, 11, 4, 3, 7, 8, 10, 9]",8,59
wf9761ce,,,,,,,23675.0,training,[],5,44.0,,"[12, 11, 4, 3, 7, 8, 10, 6]",8,16
wf9761ce,,,,,,,22856.0,training,[],6,29.0,,"[12, 8, 7, 11, 4, 3, 2, 1, 10]",9,45
wf9761ce,,,,,,,25486.0,training,[],7,36.0,,"[12, 11, 10, 4, 3, 7, 8, 9]",8,35
wf9761ce,,,,,,,12215.0,training,[],8,48.0,,"[11, 12, 8, 7, 3, 4, 2, 1]",8,10
wf9761ce,,,,,,,16682.0,training,[],9,47.0,,"[12, 11, 4, 3, 7, 8, 6]",7,32
w34b3b14,,,,,,,37015.0,training,[],0,47.0,,[8],1,23
w34b3b14,,,,,,,16012.0,training,[],1,43.0,,[11],1,50
w34b3b14,,,,,,,12350.0,training,[],2,55.0,,[4],1,18
w34b3b14,,,,,,,32446.0,training,[],3,16.0,,"[7, 3, 11, 8, 12, 4, 2, 10, 6, 1]",10,33
w34b3b14,,,,,,,9514.0,training,[],4,39.0,,[11],1,51
w34b3b14,,,,,,,14511.0,training,[],5,39.0,,"[12, 8, 4, 7, 11]",5,9
w34b3b14,,,,,,,14058.0,training,[],6,16.0,,"[3, 4, 11, 12, 8, 7]",6,39
w34b3b14,,,,,,,12171.0,training,[],7,49.0,,"[11, 4, 3, 7, 8]",5,32
w34b3b14,,,,,,,11416.0,training,[],8,53.0,,"[8, 12, 11, 7, 3]",5,19
w34b3b14,,,,,,,10315.0,training,[],9,55.0,,[11],1,41
w6c91f53,,,,,,,50182.0,training,[],0,49.0,,"[1, 2, 9, 5, 6]",5,32
w6c91f53,,,,,,,28093.0,training,[],1,30.0,,"[9, 1, 10, 11, 5, 6]",6,44
w6c91f53,,,,,,,16027.0,training,[],2,-22.0,,"[1, 9, 5, 2]",4,4
w6c91f53,,,,,,,17375.0,training,[],3,19.0,,"[1, 9, 5, 10, 11]",5,24
w6c91f53,,,,,,,15112.0,training,[],4,20.0,,"[1, 2, 4, 3]",4,52
w6c91f53,,,,,,,10313.0,training,[],5,48.0,,"[9, 1, 5, 6, 7, 8]",6,38
w6c91f53,,,,,,,16248.0,training,[],6,43.0,,"[1, 9, 5, 2, 4, 3, 6, 7, 8, 10, 11]",11,3
w6c91f53,,,,,,,25567.0,training,[],7,12.0,,"[9, 1, 5, 10, 2, 6, 7, 8, 11, 12, 4, 3]",12,14
w6c91f53,,,,,,,14716.0,training,[],8,48.0,,"[1, 9, 5, 2, 10, 4]",6,26
w6c91f53,,,,,,,19208.0,training,[],9,18.0,,"[1, 9, 5, 10, 6, 11, 12, 7, 8, 3, 2, 4]",12,8
w9eab211,,,,,,,84813.0,training,"[0, 2, 3, 2, 3, 3, 3, 3, 0, 0, 0, 3, 0]",0,40.0,,"[12, 10, 1, 6, 2, 5, 9, 11, 3, 4, 7, 8]",12,4
w9eab211,,,,,,,81903.0,training,"[3, 2, 2, 3, 0, 0, 3, 3, 3, 3, 0]",1,-70.0,,"[1, 8, 10, 5, 11, 12, 4, 3, 9, 6]",10,48
w9eab211,,,,,,,25406.0,training,"[3, 2, 2, 0, 2, 3, 3, 0]",2,49.0,,"[9, 12, 11, 4, 2, 8, 1]",7,10
w9eab211,,,,,,,18254.0,training,"[0, 0, 0, 0, 3, 3, 0]",3,36.0,,"[4, 3, 11, 12, 9, 10]",6,21
w9eab211,,,,,,,13008.0,training,"[0, 0, 0, 0, 0, 0, 3, 0]",4,53.0,,"[11, 3, 7, 8, 12, 4, 1]",7,43
w9eab211,,,,,,,10842.0,training,"[0, 0, 0]",5,46.0,,"[4, 3]",2,25
w9eab211,,,,,,,9378.0,training,"[0, 0]",6,41.0,,[3],1,38
w9eab211,,,,,,,24249.0,training,"[0, 3, 2, 2, 3, 0]",7,49.0,,"[3, 1, 8, 4, 5]",5,58
w9eab211,,,,,,,56200.0,training,[42],8,-16.0,,[],0,18
w9eab211,,,,,,,12503.0,training,"[0, 0, 0, 0, 0, 0, 0]",9,30.0,,"[7, 4, 11, 12, 3, 8]",6,15
w18c6801,,,,,,,77442.0,training,[],0,42.0,,"[5, 9, 1, 10, 11, 12, 2, 3, 4, 6, 7, 8]",12,54
w18c6801,,,,,,,26359.0,training,[],1,34.0,,"[7, 8, 3, 11]",4,1
w18c6801,,,,,,,18010.0,training,[],2,57.0,,"[7, 4, 12]",3,22
w18c6801,,,,,,,19073.0,training,[],3,39.0,,"[8, 3, 12]",3,7
w18c6801,,,,,,,13581.0,training,[],4,57.0,,"[8, 3, 11]",3,31
w18c6801,,,,,,,14407.0,training,[],5,19.0,,"[11, 8, 3]",3,39
w18c6801,,,,,,,31478.0,training,[],6,19.0,,"[7, 4, 11, 8, 12, 3, 1, 9, 5, 2, 10]",11,11
w18c6801,,,,,,,15977.0,training,[],7,38.0,,"[7, 3, 11, 12]",4,21
w18c6801,,,,,,,11940.0,training,[],8,57.0,,"[12, 7, 4]",3,43
w18c6801,,,,,,,23541.0,training,[],9,15.0,,"[7, 4, 11, 3, 8, 12, 2, 6, 9]",9,14
we6f0dfa,,,,,,,25794.0,training,[],0,26.0,,"[5, 6, 8, 7, 3, 2, 4, 10, 9, 1]",10,56
we6f0dfa,,,,,,,12024.0,training,[],1,-48.0,,[],0,5
we6f0dfa,,,,,,,8105.0,training,[],2,-36.0,,[],0,54
we6f0dfa,,,,,,,10031.0,training,[],3,42.0,,[],0,18
we6f0dfa,,,,,,,11582.0,training,[],4,36.0,,"[5, 6, 7, 1, 2, 8]",6,37
we6f0dfa,,,,,,,8796.0,training,[],5,-45.0,,"[9, 10, 11]",3,22
we6f0dfa,,,,,,,8729.0,training,[],6,32.0,,"[8, 7, 3, 4, 12, 11]",6,29
we6f0dfa,,,,,,,8810.0,training,[],7,50.0,,"[4, 3]",2,34
we6f0dfa,,,,,,,10090.0,training,[],8,55.0,,"[12, 3, 8, 7, 11]",5,43
we6f0dfa,,,,,,,9756.0,training,[],9,13.0,,"[8, 7, 4, 12, 11]",5,14
wc4d18d1,,,,,,,28565.0,training,[],0,30.0,,"[7, 3, 4, 8, 12, 11]",6,44
wc4d18d1,,,,,,,11030.0,training,[],1,53.0,,[7],1,38
wc4d18d1,,,,,,,90258.0,training,[],2,-43.0,,[11],1,22
wc4d18d1,,,,,,,97830.0,training,[],3,-31.0,,[7],1,34
wc4d18d1,,,,,,,30128.0,training,[],4,-35.0,,[7],1,46
wc4d18d1,,,,,,,10905.0,training,[],5,48.0,,"[4, 3, 7, 8, 11, 12]",6,32
wc4d18d1,,,,,,,9265.0,training,[],6,53.0,,"[4, 3, 7]",3,10
wc4d18d1,,,,,,,9990.0,training,[],7,38.0,,"[4, 3, 7, 8, 12, 11]",6,9
wc4d18d1,,,,,,,10487.0,training,[],8,53.0,,"[11, 12, 8, 7, 3]",5,12
wc4d18d1,,,,,,,8929.0,training,[],9,35.0,,"[7, 8, 12]",3,13
w7372f01,,,,,,,76991.0,training,"[3, 41]",0,-43.0,,[5],1,38
w7372f01,,,,,,,57525.0,training,[42],1,-24.0,,[],0,50
w7372f01,,,,,,,12464.0,training,"[0, 0, 0, 3, 0]",2,34.0,,"[12, 11, 4, 3]",4,45
w7372f01,,,,,,,9540.0,training,"[0, 0, 0, 0, 0, 0, 0]",3,38.0,,"[4, 3, 8, 7, 12, 11]",6,9
w7372f01,,,,,,,8534.0,training,"[0, 0, 0, 0]",4,55.0,,"[8, 7, 3]",3,19
w7372f01,,,,,,,10113.0,training,"[0, 0, 0, 0]",5,45.0,,"[3, 4, 11]",3,59
w7372f01,,,,,,,9661.0,training,"[0, 0, 0, 0]",6,43.0,,"[8, 7, 3]",3,0
w7372f01,,,,,,,12043.0,training,"[0, 0, 0]",7,50.0,,"[4, 3]",2,34
w7372f01,,,,,,,9346.0,training,"[0, 0, 0]",8,36.0,,"[8, 7]",2,46
w7372f01,,,,,,,13404.0,training,"[0, 0, 0, 0, 0, 0, 5]",9,24.0,,"[3, 4, 11, 12, 8, 7]",6,44
wb7ac4c3,,,,,,,52783.0,training,"[2, 0, 2, 0, 0, 0, 3, 0]",0,35.0,,"[6, 7, 4, 8, 3, 11, 12]",7,2
wb7ac4c3,,,,,,,11561.0,training,"[0, 0, 0, 0]",1,41.0,,"[7, 4, 12]",3,35
wb7ac4c3,,,,,,,8962.0,training,"[0, 0, 0, 0, 0]",2,42.0,,"[3, 11, 7, 12]",4,53
wb7ac4c3,,,,,,,8932.0,training,"[0, 0]",3,41.0,,[3],1,38
wb7ac4c3,,,,,,,12469.0,training,"[0, 0, 0, 0, 0, 0, 0]",4,24.0,,"[4, 11, 12, 7, 8, 3]",6,49
wb7ac4c3,,,,,,,8601.0,training,"[0, 0, 0, 0]",5,45.0,,"[3, 4, 11]",3,52
wb7ac4c3,,,,,,,9520.0,training,"[0, 0, 0, 0, 0, 0, 0]",6,44.0,,"[12, 7, 8, 11, 4, 3]",6,6
wb7ac4c3,,,,,,,8886.0,training,"[0, 0, 0]",7,54.0,,"[3, 4]",2,10
wb7ac4c3,,,,,,,9467.0,training,"[0, 0]",8,57.0,,[3],1,12
wb7ac4c3,,,,,,,9816.0,training,"[0, 0, 0, 0, 0, 0, 0]",9,16.0,,"[4, 3, 11, 12, 8, 7]",6,39
wbddc8d4,,,,,,,20951.0,training,[],0,-48.0,,[],0,20
wbddc8d4,,,,,,,9979.0,training,[],1,-34.0,,[],0,29
wbddc8d4,,,,,,,11338.0,training,[],2,52.0,,[],0,4
wbddc8d4,,,,,,,12076.0,training,[],3,24.0,,[],0,52
wbddc8d4,,,,,,,8115.0,training,[],4,30.0,,[],0,8
wbddc8d4,,,,,,,10875.0,training,[],5,50.0,,[],0,21
wbddc8d4,,,,,,,16277.0,training,[],6,-49.0,,[8],1,53
wbddc8d4,,,,,,,9518.0,training,[],7,22.0,,[],0,39
wbddc8d4,,,,,,,9273.0,training,[],8,44.0,,[],0,40
wbddc8d4,,,,,,,7862.0,training,[],9,30.0,,[],0,2
waecabcf,,,,,,,50807.0,training,[],0,35.0,,"[1, 7, 3, 4, 2, 8, 11, 9, 10]",9,9
waecabcf,,,,,,,26496.0,training,[],1,24.0,,"[3, 4, 7, 8, 11, 12]",6,8
waecabcf,,,,,,,27855.0,training,[],2,12.0,,"[11, 7, 3, 4, 8, 12, 2, 6, 1, 5]",10,30
waecabcf,,,,,,,25162.0,training,[],3,49.0,,"[3, 4, 8, 7, 11]",5,3
waecabcf,,,,,,,14403.0,training,[],4,45.0,,"[4, 7, 11]",3,59
waecabcf,,,,,,,17901.0,training,[],5,24.0,,"[11, 8, 4, 7, 12, 3]",6,49
waecabcf,,,,,,,14451.0,training,[],6,49.0,,"[4, 8, 11, 12, 7]",5,54
waecabcf,,,,,,,15305.0,training,[],7,36.0,,"[3, 12, 7, 4, 8, 11]",6,2
waecabcf,,,,,,,13240.0,training,[],8,43.0,,"[4, 8, 11, 12, 3]",5,5
waecabcf,,,,,,,32432.0,training,[],9,41.0,,[3],1,17
w93f26eb,,,,,,,34535.0,training,[],0,24.0,,"[5, 9, 1, 2, 3, 4, 7, 8, 6, 12, 11, 10]",12,44
w93f26eb,,,,,,,31326.0,training,[],1,16.0,,"[11, 12, 4, 3, 7, 8, 10, 2, 1, 9]",10,33
w93f26eb,,,,,,,19729.0,training,[],2,21.0,,"[11, 12, 4, 3, 7, 8, 10, 6, 2]",9,49
w93f26eb,,,,,,,16455.0,training,[],3,46.0,,"[4, 3, 7, 8, 12, 11, 10, 9]",8,3
w93f26eb,,,,,,,18878.0,training,[],4,42.0,,"[4, 3, 7, 8, 12, 11, 10, 6, 2, 5, 1, 9]",12,38
w93f26eb,,,,,,,12793.0,training,[],5,41.0,,"[7, 8, 12, 11, 4, 3, 2]",7,5
w93f26eb,,,,,,,22946.0,training,[],6,15.0,,"[4, 3, 7, 8, 12, 11, 10, 2, 6, 1, 5]",11,36
w93f26eb,,,,,,,16631.0,training,[],7,50.0,,"[4, 3, 7, 8, 12, 11, 10, 2, 6, 9]",10,17
w93f26eb,,,,,,,14575.0,training,[],8,43.0,,"[11, 12, 4, 3, 7, 8, 2]",7,6
w93f26eb,,,,,,,14407.0,training,[],9,38.0,,"[4, 3, 7, 8, 12, 11, 10, 6, 9, 5]",10,52
w44519a3,,,,,,,32682.0,training,[],0,17.0,,"[1, 5, 9]",3,32
w44519a3,,,,,,,13804.0,training,[],1,-42.0,,"[5, 9]",2,27
w44519a3,,,,,,,10966.0,training,[],2,22.0,,[],0,30
w44519a3,,,,,,,11543.0,training,[],3,-14.0,,[],0,19
w44519a3,,,,,,,8927.0,training,[],4,-22.0,,[],0,39
w44519a3,,,,,,,10379.0,training,[],5,56.0,,[],0,10
w44519a3,,,,,,,13443.0,training,[],6,-57.0,,[4],1,1
w44519a3,,,,,,,9968.0,training,[],7,35.0,,[7],1,20
w44519a3,,,,,,,10526.0,training,[],8,43.0,,[11],1,50
w44519a3,,,,,,,12645.0,training,[],9,21.0,,"[4, 7, 11]",3,42
w2793fb6,,,,,,,54694.0,training,[42],0,-14.0,,[],0,42
w2793fb6,,,,,,,72637.0,training,"[3, 0, 2, 3, 36]",1,-52.0,,"[1, 7, 10, 12]",4,5
w2793fb6,,,,,,,39224.0,training,"[0, 2, 21]",2,22.0,,"[4, 2]",2,52
w2793fb6,,,,,,,72437.0,training,"[3, 3, 3, 39]",3,-51.0,,"[5, 6, 7]",3,48
w2793fb6,,,,,,,12121.0,training,"[0, 0, 0, 0, 0, 0]",4,47.0,,"[4, 3, 12, 11, 7]",5,4
w2793fb6,,,,,,,16786.0,training,"[2, 3, 0, 0]",5,15.0,,"[6, 7, 3]",3,41
w2793fb6,,,,,,,10846.0,training,"[0, 0, 0]",6,36.0,,"[3, 4]",2,45
w2793fb6,,,,,,,11736.0,training,"[0, 0, 0, 0, 0, 0]",7,49.0,,"[4, 3, 11, 12, 8]",5,32
w2793fb6,,,,,,,8054.0,training,"[0, 0, 0, 0, 0]",8,32.0,,"[3, 4, 11, 12]",4,47
w2793fb6,,,,,,,8569.0,training,"[0, 0, 0]",9,38.0,,"[12, 11]",2,34
w2915cde,,,,,,,63564.0,training,[42],0,30.0,,[],0,2
w2915cde,,,,,,,61101.0,training,[42],1,24.0,,[],0,42
w2915cde,,,,,,,63289.0,training,[42],2,-18.0,,[],0,49
w2915cde,,,,,,,60790.0,training,[42],3,12.0,,[],0,3
w2915cde,,,,,,,27794.0,training,"[0, 0, 0, 0]",4,51.0,,"[4, 3, 11]",3,20
w2915cde,,,,,,,14213.0,training,"[0, 0, 0]",5,50.0,,"[8, 12]",2,37
w2915cde,,,,,,,9143.0,training,"[0, 0]",6,51.0,,[3],1,34
w2915cde,,,,,,,10159.0,training,"[0, 0, 0]",7,54.0,,"[11, 12]",2,56
w2915cde,,,,,,,19211.0,training,"[0, 0, 0, 0, 0, 0, 0]",8,48.0,,"[7, 11, 12, 4, 3, 8]",6,32
w2915cde,,,,,,,11784.0,training,"[0, 0, 0, 0]",9,45.0,,"[7, 4, 12]",3,28
wfad7116,,,,,,,76588.0,training,"[3, 2, 40]",0,22.0,,"[9, 11]",2,28
wfad7116,,,,,,,64696.0,training,[42],1,36.0,,[],0,22
wfad7116,,,,,,,17330.0,training,"[0, 0, 0, 0]",2,49.0,,"[11, 7, 8]",3,16
wfad7116,,,,,,,13048.0,training,"[0, 0, 0, 0]",3,45.0,,"[4, 12, 11]",3,52
wfad7116,,,,,,,10265.0,training,"[0, 0, 0]",4,46.0,,"[3, 7]",2,23
wfad7116,,,,,,,11386.0,training,"[0, 0, 0, 0, 0, 0, 0]",5,16.0,,"[12, 11, 4, 3, 7, 8]",6,39
wfad7116,,,,,,,9591.0,training,"[0, 0, 0, 0]",6,39.0,,"[7, 4, 11]",3,2
wfad7116,,,,,,,11031.0,training,"[0, 0, 0, 0, 0, 0, 0]",7,24.0,,"[8, 11, 4, 3, 7, 12]",6,57
wfad7116,,,,,,,11821.0,training,"[0, 0, 0, 0, 0, 0, 0]",8,54.0,,"[11, 3, 7, 8, 12, 4]",6,43
wfad7116,,,,,,,9488.0,training,"[0, 0, 0]",9,34.0,,"[11, 12]",2,47
w1aeb482,,,,,,,22412.0,training,[],0,47.0,,[3],1,25
w1aeb482,,,,,,,24849.0,training,[],1,19.0,,"[4, 3, 7, 8, 11, 12, 2]",7,33
w1aeb482,,,,,,,11662.0,training,[],2,49.0,,"[4, 3, 7, 8, 11]",5,20
w1aeb482,,,,,,,8728.0,training,[],3,40.0,,"[4, 3]",2,38
w1aeb482,,,,,,,11409.0,training,[],4,54.0,,"[3, 4, 11, 12, 8, 7]",6,22
w1aeb482,,,,,,,9607.0,training,[],5,53.0,,[4],1,53
w1aeb482,,,,,,,9949.0,training,[],6,40.0,,"[4, 3]",2,17
w1aeb482,,,,,,,11013.0,training,[],7,16.0,,"[3, 4, 11, 12, 8, 7]",6,39
w1aeb482,,,,,,,8772.0,training,[],8,47.0,,[3],1,5
w1aeb482,,,,,,,7390.0,training,[],9,57.0,,[3],1,19
w41d93aa,,,,,,,17893.0,training,[],0,46.0,,"[1, 2, 3, 4, 5, 9, 10, 11]",8,3
w41d93aa,,,,,,,21638.0,training,[],1,26.0,,"[1, 9, 5, 6, 8, 7, 2, 3, 4, 10, 11, 12]",12,29
w41d93aa,,,,,,,11962.0,training,[],2,42.0,,"[9, 5, 1, 10, 12, 11, 2, 3]",8,6
w41d93aa,,,,,,,9295.0,training,[],3,40.0,,"[9, 10, 12, 11]",4,9
w41d93aa,,,,,,,13046.0,training,[],4,18.0,,"[9, 1, 5, 6, 8, 7, 2, 3, 4, 10, 12, 11]",12,49
w41d93aa,,,,,,,10060.0,training,[],5,50.0,,"[9, 1, 5, 2, 3, 4]",6,18
w41d93aa,,,,,,,8803.0,training,[],6,50.0,,"[1, 2, 3, 4]",4,26
w41d93aa,,,,,,,12490.0,training,[],7,36.0,,"[1, 9, 5, 2, 4, 3, 6, 7, 8, 10, 11, 12]",12,48
w41d93aa,,,,,,,15942.0,training,[],8,12.0,,"[9, 10, 12, 11, 1, 5, 6, 7, 8, 2, 3, 4]",12,14
w41d93aa,,,,,,,16551.0,training,[],9,10.0,,"[9, 1, 5, 6, 8, 7, 2, 3, 4, 10, 11, 12]",12,30
wde6f8b6,,,,,,,39001.0,training,[],0,44.0,,"[8, 3, 4, 11, 12, 7]",6,6
wde6f8b6,,,,,,,24903.0,training,[],1,48.0,,"[4, 3, 7, 8, 12, 11]",6,32
wde6f8b6,,,,,,,19052.0,training,[],2,42.0,,"[4, 3, 7, 8, 12, 11]",6,48
wde6f8b6,,,,,,,13588.0,training,[],3,46.0,,"[12, 8]",2,23
wde6f8b6,,,,,,,13779.0,training,[],4,43.0,,[12],1,16
wde6f8b6,,,,,,,15411.0,training,[],5,47.0,,"[12, 8, 4, 3, 7]",5,4
wde6f8b6,,,,,,,15141.0,training,[],6,33.0,,"[4, 3, 8, 12, 11]",5,29
wde6f8b6,,,,,,,12884.0,training,[],7,46.0,,"[4, 3]",2,25
wde6f8b6,,,,,,,9831.0,training,[],8,38.0,,"[8, 12]",2,51
wde6f8b6,,,,,,,15863.0,training,[],9,43.0,,"[3, 4, 12, 7, 11]",5,52
w829eb47,,,,,,,83472.0,training,[],0,-46.0,,[],0,2
w829eb47,,,,,,,20443.0,training,[],1,47.0,,[9],1,58
w829eb47,,,,,,,12209.0,training,[],2,43.0,,[6],1,40
w829eb47,,,,,,,10537.0,training,[],3,39.0,,[6],1,51
w829eb47,,,,,,,10992.0,training,[],4,55.0,,[2],1,27
w829eb47,,,,,,,136258.0,training,[],5,-31.0,,[7],1,31
w829eb47,,,,,,,75179.0,training,[],6,-31.0,,[3],1,8
w829eb47,,,,,,,93729.0,training,[],7,-25.0,,[12],1,50
w829eb47,,,,,,,78136.0,training,[],8,-19.0,,[12],1,1
w829eb47,,,,,,,68632.0,training,[],9,14.0,,"[7, 8]",2,19
w38b044a,,,,,,,22865.0,training,[],0,43.0,,"[5, 6, 7, 8, 9, 10, 12]",7,21
w38b044a,,,,,,,19713.0,training,[],1,45.0,,"[9, 5, 10, 12, 11, 1, 2, 3, 4]",9,26
w38b044a,,,,,,,25633.0,training,[],2,40.0,,"[5, 6, 9, 10, 1, 2, 7, 3, 11, 12, 8, 4]",12,16
w38b044a,,,,,,,14532.0,training,[],3,46.0,,"[5, 6, 9, 10, 12, 11, 7, 8]",8,24
w38b044a,,,,,,,11824.0,training,[],4,20.0,,"[5, 6, 9, 10, 12, 11, 8, 7, 1, 2]",10,11
w38b044a,,,,,,,12733.0,training,[],5,46.0,,"[9, 10, 12, 11, 5, 6, 8, 7]",8,58
w38b044a,,,,,,,13269.0,training,[],6,37.0,,"[9, 1, 5, 6, 10, 12, 8, 7, 2]",9,7
w38b044a,,,,,,,14943.0,training,[],7,10.0,,"[5, 6, 7, 8, 9, 10, 12, 11, 1, 2, 4, 3]",12,30
w38b044a,,,,,,,13460.0,training,[],8,38.0,,"[5, 6, 7, 8, 9, 10, 12, 11, 1, 2, 4, 3]",12,25
w38b044a,,,,,,,11542.0,training,[],9,36.0,,"[5, 6, 7, 8, 9, 10, 12, 11, 1, 2, 4, 3]",12,52
w6d0d217,,,,,,,65978.0,training,[],0,37.0,,"[5, 1, 9, 6, 7]",5,37
w6d0d217,,,,,,,50206.0,training,[],1,18.0,,"[5, 1, 9, 2, 4, 3, 6, 7, 10, 11, 12, 8]",12,57
w6d0d217,,,,,,,30745.0,training,[],2,38.0,,"[7, 8, 3, 4, 11, 12, 9, 10, 2, 1]",10,5
w6d0d217,,,,,,,22769.0,training,[],3,54.0,,"[3, 4, 11, 12, 8, 7]",6,22
w6d0d217,,,,,,,38959.0,training,[],4,39.0,,"[7, 3, 11]",3,18
w6d0d217,,,,,,,15096.0,training,[],5,49.0,,[3],1,6
w6d0d217,,,,,,,37312.0,training,[],6,23.0,,"[7, 12, 4, 3, 11, 8, 1]",7,44
w6d0d217,,,,,,,21013.0,training,[],7,44.0,,"[7, 11, 3, 12]",4,28
w6d0d217,,,,,,,27176.0,training,[],8,14.0,,"[12, 3, 8, 4, 11, 7, 2, 5]",8,30
w6d0d217,,,,,,,22237.0,training,[],9,37.0,,"[3, 8, 12, 4, 11]",5,2
wcf6b956,,,,,,,71015.0,training,[42],0,30.0,,[],0,56
wcf6b956,,,,,,,28900.0,training,"[0, 0, 0, 0]",1,41.0,,"[7, 8, 11]",3,35
wcf6b956,,,,,,,14744.0,training,"[0, 0, 0]",2,48.0,,"[12, 11]",2,25
wcf6b956,,,,,,,10927.0,training,"[0, 0]",3,53.0,,[4],1,53
wcf6b956,,,,,,,14871.0,training,"[0, 0, 0, 0]",4,43.0,,"[4, 8, 7]",3,7
wcf6b956,,,,,,,15456.0,training,"[0, 0, 0, 0, 0, 0]",5,49.0,,"[3, 4, 8, 7, 11]",5,3
wcf6b956,,,,,,,14741.0,training,"[0, 0, 0, 0, 0, 0, 0]",6,42.0,,"[11, 4, 3, 8, 7, 12]",6,48
wcf6b956,,,,,,,25733.0,training,"[0, 0, 0, 0, 0, 0, 5]",7,30.0,,"[12, 4, 3, 11, 7, 8]",6,44
wcf6b956,,,,,,,30133.0,training,"[0, 0, 2, 0, 0, 0, 7]",8,18.0,,"[8, 3, 2, 4, 7, 11]",6,42
wcf6b956,,,,,,,10126.0,training,"[0, 0]",9,51.0,,[12],1,55
wcfde54b,,,,,,,77370.0,training,[],0,14.0,,"[6, 2, 10, 8, 7, 1, 3, 4, 11, 9, 12, 5]",12,12
wcfde54b,,,,,,,10603.0,training,[],1,56.0,,[],0,46
wcfde54b,,,,,,,11485.0,training,[],2,30.0,,[],0,17
wcfde54b,,,,,,,12495.0,training,[],3,-18.0,,[],0,3
wcfde54b,,,,,,,10524.0,training,[],4,-36.0,,[],0,49
wcfde54b,,,,,,,11771.0,training,[],5,-58.0,,[],0,11
wcfde54b,,,,,,,12202.0,training,[],6,30.0,,[],0,29
wcfde54b,,,,,,,8373.0,training,[],7,18.0,,[],0,10
wcfde54b,,,,,,,7284.0,training,[],8,24.0,,[],0,37
wcfde54b,,,,,,,10406.0,training,[],9,18.0,,[],0,4
w63876de,,,,,,,66259.0,training,[42],0,24.0,,[],0,37
w63876de,,,,,,,46301.0,training,"[0, 18]",1,13.0,,[8],1,25
w63876de,,,,,,,17048.0,training,"[0, 3, 0]",2,44.0,,"[3, 4]",2,0
w63876de,,,,,,,21736.0,training,"[0, 0, 0, 0, 0, 0]",3,55.0,,"[12, 7, 8, 3, 4]",5,43
w63876de,,,,,,,29137.0,training,"[0, 18]",4,23.0,,[3],1,28
w63876de,,,,,,,10450.0,training,"[0, 0, 0]",5,40.0,,"[4, 3]",2,17
w63876de,,,,,,,44401.0,training,"[0, 0, 0, 0, 0, 0]",6,47.0,,"[3, 4, 11, 7, 8]",5,16
w63876de,,,,,,,12531.0,training,"[0, 0, 0, 0]",7,47.0,,"[3, 4, 7]",3,47
w63876de,,,,,,,10705.0,training,"[0, 0, 0, 0]",8,51.0,,"[3, 4, 7]",3,54
w63876de,,,,,,,11990.0,training,"[0, 3, 0]",9,56.0,,"[3, 4]",2,19
w06dda84,,,,,,,15577.0,training,[],0,41.0,,"[4, 3, 1]",3,40
w06dda84,,,,,,,16362.0,training,[],1,53.0,,[11],1,3
w06dda84,,,,,,,10022.0,training,[],2,36.0,,"[7, 8]",2,1
w06dda84,,,,,,,9682.0,training,[],3,53.0,,[4],1,53
w06dda84,,,,,,,10795.0,training,[],4,43.0,,[12],1,35
w06dda84,,,,,,,17947.0,training,[],5,49.0,,"[7, 3, 12, 11, 8]",5,32
w06dda84,,,,,,,25856.0,training,[],6,47.0,,[12],1,58
w06dda84,,,,,,,19694.0,training,[],7,39.0,,"[2, 4, 3, 8, 7, 11, 12, 9, 10]",9,28
w06dda84,,,,,,,24510.0,training,[],8,13.0,,"[4, 8, 7, 12, 11, 3, 1, 2, 5]",9,30
w06dda84,,,,,,,11730.0,training,[],9,32.0,,"[4, 3, 7, 8, 12, 11]",6,29
w693b738,,,,,,,152273.0,training,"[2, 3, 3, 3, 0, 0, 3, 3, 0, 0, 3, 0, 0]",0,-26.0,,"[6, 10, 2, 12, 7, 8, 1, 5, 3, 4, 9, 11]",12,42
w693b738,,,,,,,59346.0,training,"[2, 3, 0, 0, 0, 0, 0, 2, 3, 0]",1,13.0,,"[2, 4, 11, 8, 7, 12, 3, 1, 6]",9,30
w693b738,,,,,,,47080.0,training,"[0, 0, 0, 0, 0, 0, 3, 0]",2,43.0,,"[7, 11, 12, 8, 4, 3, 1]",7,6
w693b738,,,,,,,23150.0,training,"[0, 3, 0]",3,46.0,,"[3, 1]",2,25
w693b738,,,,,,,55750.0,training,"[0, 0, 0, 3, 2, 14]",4,9.0,,"[3, 4, 11, 6, 7]",5,1
w693b738,,,,,,,41921.0,training,"[0, 0, 3, 0, 3, 0]",5,39.0,,"[12, 7, 5, 11, 9]",5,50
w693b738,,,,,,,20648.0,training,"[0, 2, 0]",6,52.0,,"[7, 6]",2,54
w693b738,,,,,,,31323.0,training,"[0, 0, 2, 2, 2]",7,44.0,,"[7, 4, 10, 11]",4,52
w693b738,,,,,,,29091.0,training,"[0, 0, 0, 0, 3, 2]",8,43.0,,"[11, 7, 4, 3, 1]",5,5
w693b738,,,,,,,42367.0,training,"[0, 0, 0, 0, 0, 3, 3]",9,30.0,,"[7, 3, 4, 12, 8, 6]",6,15
w1ba4d2a,,,,,,,38420.0,training,[],0,28.0,,"[10, 2, 6, 5, 7, 8]",6,28
w1ba4d2a,,,,,,,12835.0,training,[],1,53.0,,"[10, 2, 6, 4, 3]",5,19
w1ba4d2a,,,,,,,10903.0,training,[],2,43.0,,"[10, 2, 6, 11, 12]",5,48
w1ba4d2a,,,,,,,79121.0,training,[],3,-28.0,,"[2, 10, 6, 3]",4,50
w1ba4d2a,,,,,,,10181.0,training,[],4,55.0,,"[10, 2, 3]",3,12
w1ba4d2a,,,,,,,25385.0,training,[],5,16.0,,"[12, 3, 8, 4, 7, 11, 10, 2, 9, 1]",10,33
w1ba4d2a,,,,,,,9182.0,training,[],6,30.0,,"[12, 11, 4, 3, 7, 8]",6,15
w1ba4d2a,,,,,,,9899.0,training,[],7,31.0,,"[11, 4, 2, 1, 7, 8, 12]",7,45
w1ba4d2a,,,,,,,12953.0,training,[],8,36.0,,"[4, 3, 8, 7, 6, 2, 11, 12, 5, 1]",10,7
w1ba4d2a,,,,,,,8667.0,training,[],9,32.0,,"[4, 3, 7, 8, 12, 11]",6,1
w55bcaca,,,,,,,12924.0,training,[],0,58.0,,[],0,12
w55bcaca,,,,,,,10081.0,training,[],1,42.0,,[],0,18
w55bcaca,,,,,,,10721.0,training,[],2,46.0,,[],0,7
w55bcaca,,,,,,,9952.0,training,[],3,24.0,,[],0,37
w55bcaca,,,,,,,10276.0,training,[],4,30.0,,[],0,44
w55bcaca,,,,,,,9495.0,training,[],5,30.0,,[],0,24
w55bcaca,,,,,,,9007.0,training,[],6,-50.0,,[],0,23
w55bcaca,,,,,,,8745.0,training,[],7,-14.0,,[],0,54
w55bcaca,,,,,,,8175.0,training,[],8,30.0,,[],0,4
w55bcaca,,,,,,,9467.0,training,[],9,58.0,,[],0,19
w905a6a8,,,,,,,20928.0,training,"[2, 0, 0, 0]",0,45.0,,"[10, 11, 12]",3,28
w905a6a8,,,,,,,19510.0,training,"[2, 3, 0, 0, 0, 0]",1,41.0,,"[2, 4, 11, 12, 7]",5,7
w905a6a8,,,,,,,10625.0,training,"[0, 0]",2,35.0,,[12],1,47
w905a6a8,,,,,,,9956.0,training,"[0, 0]",3,45.0,,[3],1,0
w905a6a8,,,,,,,10609.0,training,"[0, 0, 0, 0]",4,49.0,,"[11, 4, 7]",3,4
w905a6a8,,,,,,,8785.0,training,"[0, 0, 0]",5,46.0,,"[12, 11]",2,52
w905a6a8,,,,,,,10947.0,training,"[0, 0, 0, 0, 0, 0, 0]",6,48.0,,"[4, 3, 7, 8, 12, 11]",6,20
w905a6a8,,,,,,,12294.0,training,"[0, 0, 0, 0, 0, 0, 0]",7,54.0,,"[11, 4, 3, 12, 8, 7]",6,22
w905a6a8,,,,,,,15930.0,training,"[0, 0, 0, 0, 0, 0, 4]",8,18.0,,"[11, 4, 12, 3, 7, 8]",6,14
w905a6a8,,,,,,,16320.0,training,"[0, 0, 0, 0, 0, 0, 5]",9,30.0,,"[11, 4, 12, 3, 7, 8]",6,44
w5c09935,,,,,,,36106.0,training,"[0, 0, 0, 0, 0]",0,44.0,,"[3, 4, 11, 12]",4,48
w5c09935,,,,,,,22460.0,training,"[0, 0, 2, 0]",1,43.0,,"[11, 12, 8]",3,53
w5c09935,,,,,,,35527.0,training,"[0, 0, 0, 0, 0, 9]",2,33.0,,"[11, 12, 7, 8, 3]",5,45
w5c09935,,,,,,,27794.0,training,"[0, 0, 0, 0, 0, 8]",3,39.0,,"[4, 3, 7, 8, 12]",5,50
w5c09935,,,,,,,18204.0,training,"[0, 0, 0, 0]",4,47.0,,"[4, 3, 7]",3,47
w5c09935,,,,,,,11335.0,training,"[0, 0]",5,43.0,,[4],1,40
w5c09935,,,,,,,18115.0,training,"[0, 0, 0, 0, 0, 0]",6,51.0,,"[4, 3, 7, 8, 12]",5,56
w5c09935,,,,,,,9705.0,training,"[0, 0]",7,41.0,,[4],1,31
w5c09935,,,,,,,25734.0,training,"[0, 0, 0, 0, 0, 8]",8,39.0,,"[4, 3, 7, 8, 12]",5,9
w5c09935,,,,,,,10229.0,training,"[0, 0, 0]",9,46.0,,"[12, 11]",2,52
wb264739,,,,,,,93327.0,training,"[0, 3, 0, 3, 3, 0]",0,-17.0,,"[11, 9, 10, 1, 12]",5,20
wb264739,,,,,,,56117.0,training,"[0, 40]",1,-31.0,,[7],1,31
wb264739,,,,,,,52552.0,training,"[0, 0, 37]",2,38.0,,"[4, 3]",2,27
wb264739,,,,,,,29651.0,training,"[0, 18]",3,29.0,,[4],1,4
wb264739,,,,,,,62330.0,training,"[0, 40]",4,25.0,,[11],1,12
wb264739,,,,,,,36995.0,training,"[0, 18]",5,33.0,,[3],1,35
wb264739,,,,,,,32351.0,training,"[0, 18]",6,19.0,,[12],1,6
wb264739,,,,,,,37309.0,training,"[0, 0]",7,47.0,,[3],1,25
wb264739,,,,,,,54450.0,training,"[0, 40]",8,11.0,,[7],1,36
wb264739,,,,,,,60328.0,training,"[0, 40]",9,29.0,,[4],1,57
we768dde,,,,,,,19704.0,training,[],0,47.0,,[8],1,23
we768dde,,,,,,,17349.0,training,[],1,41.0,,"[11, 8, 3]",3,50
we768dde,,,,,,,16013.0,training,[],2,50.0,,"[12, 3, 4, 11]",4,20
we768dde,,,,,,,12112.0,training,[],3,35.0,,[8],1,15
we768dde,,,,,,,17711.0,training,[],4,42.0,,"[4, 3, 8, 7, 11, 12]",6,28
we768dde,,,,,,,33174.0,training,[],5,18.0,,"[12, 11, 7, 8, 3, 4, 6, 10, 2, 9, 5, 1]",12,57
we768dde,,,,,,,33144.0,training,[],6,14.0,,"[12, 11, 10, 7, 8, 3, 4, 2, 6, 5, 1, 9]",12,33
we768dde,,,,,,,17966.0,training,[],7,48.0,,"[12, 11, 4, 3, 7, 8]",6,32
we768dde,,,,,,,20432.0,training,[],8,43.0,,"[4, 12, 8, 5, 9]",5,58
we768dde,,,,,,,17289.0,training,[],9,52.0,,"[12, 11, 9, 10]",4,27
wbea1096,,,,,,,64738.0,training,[],0,24.0,,"[5, 6, 8, 9, 10, 12, 1, 2, 3, 4, 11, 7]",12,44
w65bc127,,,,,,,127071.0,training,"[2, 0, 3, 0, 3, 2, 0, 0, 3, 3, 3, 0]",0,37.0,,"[6, 7, 9, 8, 10, 11, 4, 3, 12, 5, 2]",11,5
w65bc127,,,,,,,16761.0,training,"[0, 0, 0, 0, 0, 0, 0]",1,10.0,,"[7, 8, 12, 11, 4, 3]",6,19
w65bc127,,,,,,,14066.0,training,"[0, 0, 2, 0]",2,49.0,,"[4, 3, 7]",3,41
w65bc127,,,,,,,37465.0,training,"[0, 0, 0, 14]",3,-25.0,,"[12, 7, 3]",3,10
w65bc127,,,,,,,12098.0,training,"[0, 0, 2, 0]",4,47.0,,"[4, 3, 7]",3,6
w65bc127,,,,,,,12272.0,training,"[0, 0, 0, 0, 0, 0, 0]",5,24.0,,"[4, 3, 7, 8, 12, 11]",6,49
w65bc127,,,,,,,12545.0,training,"[0, 0, 0, 2, 0]",6,48.0,,"[4, 11, 12, 3]",4,37
w65bc127,,,,,,,11601.0,training,"[0, 0, 2, 0]",7,51.0,,"[7, 8, 12]",3,24
w65bc127,,,,,,,10615.0,training,"[0, 0, 0, 0, 0, 0]",8,41.0,,"[7, 8, 12, 11, 3]",5,0
w65bc127,,,,,,,12275.0,training,"[0, 0, 0, 0, 0, 0, 0]",9,42.0,,"[4, 3, 7, 8, 12, 11]",6,59
