wid,train_height,startTime,feedback,bonus,completed,previously_participated,n_quiz,instruct_time,total_time,sex,age
wb796898,3,Thu Mar 04 2021 15:49:48 GMT-0500 (Eastern Standard Time),action,0.0,True,No,1.0,[68931],25.6638,Female,29.0
wa13eb59,3,Sat Mar 06 2021 10:05:32 GMT-0800 (Pacific Standard Time),none,0.0,True,No,3.0,"[31311, 21743, 11271]",14.752,Male,31.0
wb60be5e,3,Thu Mar 04 2021 15:44:56 GMT-0500 (Eastern Standard Time),none,0.0,True,No,1.0,[87347],37.14843333333334,Male,28.0
w1289709,3,Thu Mar 04 2021 15:19:38 GMT-0500 (Eastern Standard Time),meta,0.0,True,No,1.0,[61631],28.7879,Male,30.0
w7fb33a2,3,Thu Mar 04 2021 13:35:02 GMT-0700 (Mountain Standard Time),action,0.0,True,No,1.0,[96333],21.541,Male,49.0
w2f0b3b7,3,Thu Mar 04 2021 15:13:49 GMT-0500 (Eastern Standard Time),action,0.0,True,No,1.0,[63073],30.49785,Male,36.0
w19dcb9a,3,Thu Mar 04 2021 12:54:35 GMT-0800 (Pacific Standard Time),action,0.0,True,No,2.0,"[96999, 34906]",39.08436666666667,Female,57.0
wda704d0,3,Fri Mar 05 2021 12:46:48 GMT-0500 (Eastern Standard Time),none,0.0,True,No,1.0,[524103],43.07613333333333,Male,30.0
w52603a8,3,Thu Mar 04 2021 12:23:10 GMT-0800 (Pacific Standard Time),action,0.0,False,,1.0,[65621],,CONSENT REVOKED,39.0
wd5d9c07,3,Thu Mar 04 2021 15:09:19 GMT-0500 (Eastern Standard Time),video,0.0,True,No,,,,Female,26.0
w1307b1e,3,Fri Mar 05 2021 12:33:53 GMT-0500 (Eastern Standard Time),meta,0.0,True,No,1.0,[72095],16.582983333333335,Male,33.0
w56f8930,3,Thu Mar 04 2021 15:11:17 GMT-0500 (Eastern Standard Time),none,0.0,True,No,3.0,"[110039, 23699, 18793]",19.426916666666667,Male,44.0
w2afa477,3,Thu Mar 04 2021 15:17:52 GMT-0500 (Eastern Standard Time),video,0.0,True,No,,,,Male,42.0
wb5c4616,3,Fri Mar 05 2021 12:54:29 GMT-0500 (Eastern Standard Time),action,0.0,True,No,1.0,[88861],47.78135,Male,31.0
w720959a,3,Thu Mar 04 2021 14:19:54 GMT-0600 (Central Standard Time),meta,0.0,True,No,1.0,[406593],40.15721666666666,Male,28.0
w52dea04,3,Thu Mar 04 2021 15:07:23 GMT-0500 (Eastern Standard Time),video,0.0,True,No,,,,Female,44.0
w5b54592,3,Thu Mar 04 2021 15:23:51 GMT-0500 (Eastern Standard Time),none,0.0,True,No,1.0,[156248],27.9473,Male,40.0
wf00e6ed,3,Thu Mar 04 2021 14:34:48 GMT-0600 (Central Standard Time),meta,0.0,False,,1.0,[222121],10.330416666666666,CONSENT REVOKED,38.0
wcfc23ac,3,Thu Mar 04 2021 15:09:56 GMT-0500 (Eastern Standard Time),meta,0.0,True,No,1.0,[58180],29.69255,Male,33.0
wfd2138c,3,Thu Mar 04 2021 15:25:43 GMT-0500 (Eastern Standard Time),meta,0.0,False,,1.0,[184757],16.3448,Female,49.0
wb9911cf,3,Thu Mar 04 2021 12:57:33 GMT-0600 (Central Standard Time),meta,0.0,False,,1.0,[79754],6.503866666666666,CONSENT REVOKED,
wa0e76b3,3,Sat Mar 06 2021 13:25:17 GMT-0500 (Eastern Standard Time),action,0.0,True,No,2.0,"[148908, 39203]",49.278983333333336,Male,36.0
w8f4034d,3,Fri Mar 05 2021 12:29:14 GMT-0500 (Eastern Standard Time),action,0.0,True,No,1.0,[79957],35.72455,Male,29.0
w03de4cc,3,Thu Mar 04 2021 15:15:19 GMT-0500 (Eastern Standard Time),meta,0.0,True,No,1.0,[78463],18.1743,Male,30.0
w02e88c5,3,Sat Mar 06 2021 13:14:03 GMT-0500 (Eastern Standard Time),video,0.0,True,No,,,,Female,28.0
w9ca97f6,3,Fri Mar 05 2021 12:30:56 GMT-0500 (Eastern Standard Time),action,0.0,True,No,1.0,[149580],25.591566666666665,Female,32.0
wf974303,3,Thu Mar 04 2021 14:19:49 GMT-0500 (Eastern Standard Time),none,0.0,True,No,2.0,"[131073, 16588]",23.53195,Male,26.0
w0cc23c2,3,Thu Mar 04 2021 13:22:49 GMT-0700 (Mountain Standard Time),video,0.0,True,No,,,,Male,61.0
w1195b86,3,Thu Mar 04 2021 15:18:32 GMT-0500 (Eastern Standard Time),none,0.0,True,No,2.0,"[16594, 25617]",15.605566666666666,Female,22.0
wf604426,3,Thu Mar 04 2021 15:36:19 GMT-0500 (Eastern Standard Time),video,0.0,True,No,,,,Male,37.0
wc501847,3,Thu Mar 04 2021 14:11:57 GMT-0600 (Central Standard Time),video,0.0,True,No,,,,Female,25.0
w6863674,3,Thu Mar 04 2021 14:11:56 GMT-0600 (Central Standard Time),meta,0.0,True,No,2.0,"[681775, 42331]",56.21973333333333,Male,35.0
w5a886f1,3,Thu Mar 04 2021 14:09:28 GMT-0600 (Central Standard Time),action,0.0,True,No,2.0,"[194582, 26420]",37.4081,CONSENT REVOKED,51.0
w87e95b0,3,Sat Mar 06 2021 13:07:02 GMT-0500 (Eastern Standard Time),none,0.0,True,No,1.0,[154560],17.256833333333333,Male,59.0
we3e6f08,3,Thu Mar 04 2021 15:26:26 GMT-0500 (Eastern Standard Time),none,0.0,True,No,1.0,[210888],27.703433333333333,Male,33.0
w42ee50d,3,Sat Mar 06 2021 12:20:28 GMT-0600 (Central Standard Time),none,0.0,True,No,1.0,[151325],31.025683333333333,Male,36.0
w52bbc91,3,Thu Mar 04 2021 13:45:10 GMT-0500 (Eastern Standard Time),action,0.0,True,No,1.0,[83449],20.974266666666665,Female,51.0
wd537979,3,Thu Mar 04 2021 11:05:18 GMT-0800 (Pacific Standard Time),meta,0.0,True,Not sure,1.0,[152255],23.04715,Female,35.0
w2baf7b9,3,Thu Mar 04 2021 15:09:30 GMT-0500 (Eastern Standard Time),video,0.0,True,No,,,,Male,25.0
wb9fe7e2,3,Thu Mar 04 2021 12:16:30 GMT-0800 (Pacific Standard Time),video,0.0,True,No,,,,Male,34.0
w3a4dd4f,3,Thu Mar 04 2021 14:07:57 GMT-0600 (Central Standard Time),meta,0.0,True,Yes,1.0,[33215],12.864816666666666,Male,31.0
wc66b292,3,Thu Mar 04 2021 16:16:24 GMT-0500 (Eastern Standard Time),action,0.0,True,No,3.0,"[28056, 30991, 12488]",21.4825,Female,40.0
w1e4084e,3,Sat Mar 06 2021 14:53:03 GMT-0500 (Eastern Standard Time),action,0.0,True,No,1.0,[91264],21.71335,Female,30.0
wc312caf,3,Thu Mar 04 2021 14:13:28 GMT-0500 (Eastern Standard Time),meta,0.0,True,No,1.0,[109770],24.3778,Male,36.0
wddb6957,3,Sat Mar 06 2021 21:08:13 GMT+0300 (GMT+03:00),video,0.0,True,Yes,,,,Male,21.0
w6c373d9,3,Thu Mar 04 2021 15:25:47 GMT-0500 (Eastern Standard Time),action,0.0,True,No,1.0,[67936],35.07513333333333,Male,28.0
wba3dbd6,3,Thu Mar 04 2021 10:56:51 GMT-0800 (Pacific Standard Time),video,0.0,True,No,,,,Male,36.0
wc6f89ff,3,Thu Mar 04 2021 15:42:56 GMT-0500 (Eastern Standard Time),meta,0.0,True,No,1.0,[142028],30.12545,Female,39.0
w9c486bc,3,Thu Mar 04 2021 10:46:17 GMT-0800 (Pacific Standard Time),none,0.0,True,Yes,1.0,[52006],12.748133333333334,Female,29.0
w91f02d4,3,Thu Mar 04 2021 14:17:55 GMT-0600 (Central Standard Time),none,0.0,True,No,1.0,[102000],23.959616666666665,Male,30.0
w3516c23,3,Thu Mar 04 2021 13:17:39 GMT-0600 (Central Standard Time),action,0.0,True,No,1.0,[223141],34.44663333333333,Female,47.0
wc3b06f4,3,Thu Mar 04 2021 15:26:15 GMT-0500 (Eastern Standard Time),action,0.0,True,No,1.0,[62823],26.686083333333332,Male,31.0
w5876578,3,Thu Mar 04 2021 15:14:44 GMT-0500 (Eastern Standard Time),none,0.0,False,,1.0,[1247456],52.19625,CONSENT REVOKED,28.0
w7ef46a9,3,Thu Mar 04 2021 15:29:29 GMT-0500 (Eastern Standard Time),action,0.0,True,No,1.0,[202184],38.4189,Male,35.0
w8d1983f,3,Thu Mar 04 2021 12:48:32 GMT-0600 (Central Standard Time),none,0.0,True,Yes,1.0,[179598],58.64556666666667,Male,36.0
w964b87c,3,Thu Mar 04 2021 15:48:22 GMT-0500 (Eastern Standard Time),none,0.0,True,Yes,1.0,[129913],38.2303,Female,34.0
w6449213,3,Thu Mar 04 2021 15:18:58 GMT-0500 (Eastern Standard Time),meta,0.0,True,No,1.0,[55923],21.52541666666667,Male,34.0
w758f2aa,3,Fri Mar 05 2021 12:55:02 GMT-0500 (Eastern Standard Time),video,0.0,True,No,,,,Male,35.0
w535ae85,3,Thu Mar 04 2021 15:15:43 GMT-0500 (Eastern Standard Time),none,0.0,True,No,1.0,[121559],24.338116666666668,Male,21.0
w500acc3,3,Thu Mar 04 2021 15:15:41 GMT-0500 (Eastern Standard Time),action,0.0,True,No,1.0,[75390],21.268233333333335,Male,41.0
wa255bf0,3,Thu Mar 04 2021 15:36:05 GMT-0500 (Eastern Standard Time),video,0.0,True,No,,,,Male,21.0
wa8ed338,3,Thu Mar 04 2021 15:16:24 GMT-0500 (Eastern Standard Time),none,0.0,True,No,1.0,[881631],77.93861666666666,Male,21.0
wd81dc55,3,Thu Mar 04 2021 12:20:57 GMT-0800 (Pacific Standard Time),action,0.0,False,,,,,CONSENT REVOKED,29.0
w9109d11,3,Thu Mar 04 2021 11:32:11 GMT-0700 (Mountain Standard Time),none,0.0,True,No,1.0,[84824],21.081566666666667,Female,57.0
wa194348,3,Fri Mar 05 2021 12:30:18 GMT-0500 (Eastern Standard Time),none,0.0,True,No,1.0,[394326],34.52245,Female,30.0
w5734769,3,Sat Mar 06 2021 13:15:51 GMT-0500 (Eastern Standard Time),meta,0.0,True,No,3.0,"[1045370, 20791, 5574]",67.7545,Male,29.0
w7ef1fb4,3,Thu Mar 04 2021 13:52:54 GMT-0500 (Eastern Standard Time),action,0.0,True,No,2.0,"[237399, 88975]",52.6081,Female,28.0
wdad376f,3,Thu Mar 04 2021 15:20:29 GMT-0600 (Central Standard Time),none,0.0,False,,,,,CONSENT REVOKED,69.0
w57add42,3,Thu Mar 04 2021 12:18:33 GMT-0800 (Pacific Standard Time),meta,0.0,True,Not sure,1.0,[95636],33.47375,Female,66.0
w6723bb5,3,Thu Mar 04 2021 15:24:54 GMT-0500 (Eastern Standard Time),meta,0.0,True,No,1.0,[89277],20.82645,Male,27.0
w05e3c26,3,Thu Mar 04 2021 12:18:10 GMT-0800 (Pacific Standard Time),action,0.0,True,No,2.0,"[52565, 33422]",28.8122,Male,31.0
w7ea75dd,3,Sat Mar 06 2021 10:07:00 GMT-0800 (Pacific Standard Time),none,0.0,True,No,1.0,[99475],30.495066666666666,Male,34.0
w27e4951,3,Thu Mar 04 2021 15:24:22 GMT-0500 (Eastern Standard Time),none,0.0,True,No,1.0,[101129],19.540233333333333,Male,23.0
w70462ec,3,Sat Mar 06 2021 13:35:59 GMT-0500 (Eastern Standard Time),video,0.0,True,Not sure,,,,Male,37.0
wdc315a2,3,Thu Mar 04 2021 14:13:45 GMT-0500 (Eastern Standard Time),none,0.0,True,No,2.0,"[51051, 29971]",23.860133333333334,Female,48.0
w75b0cdc,3,Fri Mar 05 2021 11:29:11 GMT-0600 (Central Standard Time),video,0.0,True,Not sure,,,,Female,24.0
wb5ec0d4,3,Thu Mar 04 2021 14:18:31 GMT-0600 (Central Standard Time),none,0.0,True,No,3.0,"[97010, 39332, 5109]",23.5082,Female,24.0
w99866ed,3,Sat Mar 06 2021 11:05:42 GMT-0700 (Mountain Standard Time),video,0.0,True,No,,,,Male,44.0
wcfef0e9,3,Sat Mar 06 2021 12:06:56 GMT-0600 (Central Standard Time),meta,0.0,True,Not sure,2.0,"[69696, 19394]",31.7489,Male,68.0
w9717404,3,Thu Mar 04 2021 14:53:02 GMT-0600 (Central Standard Time),action,0.0,True,No,1.0,[95216],28.527433333333335,CONSENT REVOKED,37.0
wa910dcf,3,Thu Mar 04 2021 15:15:29 GMT-0500 (Eastern Standard Time),video,0.0,True,No,,,,Male,40.0
w4aee175,3,Thu Mar 04 2021 14:45:32 GMT-0600 (Central Standard Time),action,0.0,True,No,1.0,[127090],28.917033333333332,Male,44.0
w4deff12,3,Sat Mar 06 2021 11:51:49 GMT-0800 (Pacific Standard Time),video,0.0,True,No,,,,Female,38.0
w6e5b201,3,Sat Mar 06 2021 13:11:01 GMT-0500 (Eastern Standard Time),action,0.0,True,No,2.0,"[21305, 21614]",32.73178333333333,Male,36.0
w0ea1fa6,3,Thu Mar 04 2021 14:24:46 GMT-0600 (Central Standard Time),none,0.0,True,No,1.0,[83962],19.974483333333332,Female,34.0
wf8c7d93,3,Thu Mar 04 2021 15:16:00 GMT-0500 (Eastern Standard Time),meta,0.0,True,No,1.0,[47616],21.071666666666665,Female,22.0
w9508bdc,3,Fri Mar 05 2021 11:28:45 GMT-0600 (Central Standard Time),video,0.0,True,No,,,,Female,35.0
wb3bd1e6,3,Thu Mar 04 2021 13:58:06 GMT-0500 (Eastern Standard Time),video,0.0,True,No,,,,Male,44.0
w5c61f89,3,Thu Mar 04 2021 11:20:41 GMT-0800 (PST),meta,0.0,True,No,1.0,[100296],20.190333333333335,Female,20.0
w8b7d282,3,Thu Mar 04 2021 14:18:17 GMT-0600 (Central Standard Time),meta,0.0,True,No,1.0,[63447],16.51715,Male,48.0
we6a70d1,3,Sat Mar 06 2021 14:53:31 GMT-0500 (Eastern Standard Time),none,0.0,True,No,1.0,[135218],30.777533333333334,Male,57.0
wd42e5a6,3,Thu Mar 04 2021 13:27:39 GMT-0600 (Central Standard Time),video,0.0,True,Not sure,,,,Male,28.0
we27899d,3,Sat Mar 06 2021 13:08:58 GMT-0500 (Eastern Standard Time),none,0.0,True,No,3.0,"[98160, 67065, 17781]",27.597183333333334,Male,55.0
w09cd2f1,3,Thu Mar 04 2021 14:08:45 GMT-0500 (Eastern Standard Time),action,0.0,True,Yes,1.0,[86389],41.914766666666665,Female,45.0
w17c389c,3,Thu Mar 04 2021 17:22:50 GMT-0500 (Eastern Standard Time),video,0.0,True,No,,,,Male,38.0
we1c45a4,3,Thu Mar 04 2021 12:24:39 GMT-0800 (Pacific Standard Time),action,0.0,True,No,1.0,[69150],21.01535,Male,33.0
w7de1cea,3,Fri Mar 05 2021 09:36:23 GMT-0800 (Pacific Standard Time),none,0.0,True,Yes,1.0,[27431],20.355,Male,29.0
wcfa9b88,3,Thu Mar 04 2021 15:22:56 GMT-0500 (Eastern Standard Time),none,0.0,True,No,1.0,[148447],28.8926,CONSENT REVOKED,79.0
we5e5bc6,3,Fri Mar 05 2021 12:27:38 GMT-0500 (Eastern Standard Time),meta,0.0,True,No,1.0,[76582],17.838166666666666,Male,34.0
w125e923,3,Thu Mar 04 2021 14:14:44 GMT-0600 (Central Standard Time),none,0.0,True,No,10.0,"[55039, 4674, 20633, 19661, 5019, 10236, 4737, 209481, 4617, 4178]",67.15843333333333,CONSENT REVOKED,31.0
w95004a8,3,Fri Mar 05 2021 12:28:23 GMT-0500 (Eastern Standard Time),meta,0.0,True,No,1.0,[33133],29.96615,Male,48.0
w27e97ce,3,Fri Mar 05 2021 09:27:54 GMT-0800 (Pacific Standard Time),action,0.0,False,,,,,CONSENT REVOKED,30.0
wb96a0fc,3,Thu Mar 04 2021 15:41:11 GMT-0500 (Eastern Standard Time),none,0.0,True,No,1.0,[227180],21.6182,Female,34.0
w5b0d460,3,Thu Mar 04 2021 15:13:10 GMT-0500 (Eastern Standard Time),meta,0.0,True,No,2.0,"[202744, 37225]",65.20105,Female,63.0
wdc6e744,3,Thu Mar 04 2021 15:25:42 GMT-0500 (Eastern Standard Time),video,0.0,True,Yes,,,,Male,48.0
w105a098,3,Thu Mar 04 2021 15:17:58 GMT-0500 (Eastern Standard Time),action,0.0,True,No,1.0,[84678],26.834416666666666,Male,30.0
w204c115,3,Thu Mar 04 2021 13:27:16 GMT-0600 (Central Standard Time),action,0.0,True,No,1.0,[200305],58.503083333333336,Female,37.0
wf4b6aca,3,Thu Mar 04 2021 14:17:00 GMT-0600 (Central Standard Time),none,0.0,True,Yes,1.0,[99147],30.409666666666666,Male,20.0
w12f47eb,3,Fri Mar 05 2021 12:29:54 GMT-0500 (Eastern Standard Time),none,0.0,True,Yes,1.0,[182987],24.6929,Male,51.0
w8472755,3,Thu Mar 04 2021 16:18:32 GMT-0500 (Eastern Standard Time),video,0.0,True,No,,,,Male,31.0
w566a59e,3,Thu Mar 04 2021 14:24:05 GMT-0600 (Central Standard Time),meta,0.0,True,No,2.0,"[48215, 28690]",19.46015,Male,36.0
w48ea620,3,Thu Mar 04 2021 15:07:36 GMT-0500 (Eastern Standard Time),action,0.0,True,No,3.0,"[53476, 16079, 14124]",22.56325,Female,24.0
w0f919bc,3,Thu Mar 04 2021 14:25:11 GMT-0600 (Central Standard Time),none,0.0,True,No,1.0,[61177],18.480066666666666,Female,40.0
w360cde8,3,Fri Mar 05 2021 09:38:43 GMT-0800 (Pacific Standard Time),meta,0.0,True,No,1.0,[135767],26.343833333333333,Male,54.0
w6625c2b,3,Thu Mar 04 2021 14:12:49 GMT-0600 (CST),none,0.0,True,No,2.0,"[173466, 36489]",31.035933333333332,Male,53.0
wf54e8e7,3,Fri Mar 05 2021 09:29:27 GMT-0800 (Pacific Standard Time),none,0.0,True,No,2.0,"[123453, 17285]",27.197816666666668,Female,22.0
w9c74803,3,Thu Mar 04 2021 15:46:19 GMT-0600 (Central Standard Time),action,0.0,True,Yes,1.0,[42795],14.789333333333333,Male,25.0
w4530ea1,3,Thu Mar 04 2021 15:27:11 GMT-0600 (Central Standard Time),meta,0.0,True,No,3.0,"[151455, 24244, 16128]",31.40345,Male,38.0
w69376e4,3,Thu Mar 04 2021 14:39:29 GMT-0500 (Eastern Standard Time),meta,0.0,True,Yes,1.0,[36194],20.388583333333333,CONSENT REVOKED,28.0
w70394ea,3,Sat Mar 06 2021 12:06:07 GMT-0600 (Central Standard Time),none,0.0,True,Not sure,1.0,[121013],24.005,Female,62.0
w4e765f8,3,Thu Mar 04 2021 14:26:27 GMT-0500 (&#12450;&#12513;&#12522;&#12459;&#26481;&#37096;&#27161;&#28310;&#26178;),action,0.0,True,Yes,2.0,"[80655, 13441]",34.25375,Female,20.0
w8b2b0b1,3,Thu Mar 04 2021 15:18:29 GMT-0500 (Eastern Standard Time),action,0.0,True,Yes,1.0,[69915],21.945833333333333,Male,21.0
wea34a8c,3,Sat Mar 06 2021 14:52:58 GMT-0500 (Eastern Standard Time),action,0.0,True,No,1.0,[57272],19.465483333333335,Female,26.0
w7425c1c,3,Sat Mar 06 2021 13:43:43 GMT-0500 (Eastern Standard Time),action,0.0,True,No,2.0,"[180423, 32383]",58.02856666666667,Female,37.0
w0fc2d82,3,Thu Mar 04 2021 14:12:22 GMT-0500 (Eastern Standard Time),none,0.0,False,,1.0,[85399],,CONSENT REVOKED,55.0
wa9b0980,3,Fri Mar 05 2021 12:30:28 GMT-0500 (Eastern Standard Time),meta,0.0,True,No,1.0,[137013],31.43125,Female,30.0
w8bc1456,3,Thu Mar 04 2021 14:08:42 GMT-0600 (Central Standard Time),action,0.0,True,No,1.0,[63917],19.06755,Female,54.0
w7bf0331,3,Thu Mar 04 2021 15:09:26 GMT-0500 (Eastern Standard Time),action,0.0,True,No,1.0,[115353],43.2831,Male,55.0
w9974d2b,3,Thu Mar 04 2021 12:26:14 GMT-0700 (Mountain Standard Time),video,0.0,True,No,,,,Male,32.0
w855476b,3,Thu Mar 04 2021 13:37:43 GMT-0500 (Eastern Standard Time),action,0.0,True,No,1.0,[69135],25.937633333333334,Female,30.0
w5ce5726,3,Sat Mar 06 2021 11:24:41 GMT+0800 (China Standard Time),video,0.0,True,No,,,,Male,35.0
wf1dfe06,3,Sat Mar 06 2021 14:54:47 GMT-0500 (Eastern Standard Time),meta,0.0,True,No,3.0,"[987730, 41135, 61037]",82.78381666666667,Female,39.0
wfe752d2,3,Thu Mar 04 2021 13:46:20 GMT-0700 (Mountain Standard Time),video,0.0,True,No,,,,Female,32.0
w25d87ff,3,Thu Mar 04 2021 12:18:45 GMT-0800 (Pacific Standard Time),action,0.0,True,No,1.0,[73896],28.4135,Female,29.0
w9f04769,3,Thu Mar 04 2021 15:30:12 GMT-0500 (hora est&#225;ndar oriental),action,0.0,True,No,3.0,"[79565, 81228, 7981]",60.56066666666667,Male,30.0
waea9331,3,Thu Mar 04 2021 15:10:11 GMT-0500 (Eastern Standard Time),meta,0.0,True,No,1.0,[111990],32.51355,Female,30.0
w1e35ac7,3,Thu Mar 04 2021 13:25:41 GMT-0700 (Mountain Standard Time),none,0.0,True,No,1.0,[66732],29.97075,Female,19.0
wdc24306,3,Thu Mar 04 2021 13:19:34 GMT-0500 (Eastern Standard Time),video,0.0,True,Not sure,,,,Female,31.0
wa128c15,3,Sat Mar 06 2021 10:14:02 GMT-0800 (Pacific Standard Time),action,0.0,True,No,2.0,"[116962, 12727]",37.66385,Male,49.0
wbdc5ff1,3,Sat Mar 06 2021 13:29:32 GMT-0600 (Central Standard Time),video,0.0,True,No,,,,Female,50.0
wfcd520c,3,Thu Mar 04 2021 11:46:02 GMT-0700 (Mountain Standard Time),none,0.0,False,,2.0,"[248786, 133394]",,Female,34.0
wcb56a27,3,Thu Mar 04 2021 15:30:21 GMT-0500 (Eastern Standard Time),meta,0.0,True,No,2.0,"[33876, 21742]",31.461283333333334,CONSENT REVOKED,
w6da27b8,3,Thu Mar 04 2021 16:20:45 GMT-0500 (Eastern Standard Time),meta,0.0,True,No,2.0,"[352858, 82122]",77.3,Male,22.0
w4c70bad,3,Sat Mar 06 2021 10:16:41 GMT-0800 (Pacific Standard Time),video,0.0,True,No,,,,Female,49.0
w0397f5f,3,Fri Mar 05 2021 11:31:52 GMT-0600 (Central Standard Time),action,0.0,True,No,2.0,"[125843, 8375]",56.093183333333336,CONSENT REVOKED,59.0
w16537aa,3,Thu Mar 04 2021 15:22:46 GMT-0500 (Eastern Standard Time),meta,0.0,True,No,1.0,[39645],17.397866666666665,Female,49.0
waf5a872,3,Fri Mar 05 2021 14:30:22 GMT-0500 (Eastern Standard Time),action,0.0,True,No,2.0,"[39650, 63252]",24.704133333333335,Female,53.0
wb32a901,3,Thu Mar 04 2021 09:16:10 GMT-1000 (Hawaii-Aleutian Standard Time),none,0.0,True,No,1.0,[68837],19.073316666666667,Female,35.0
w55b49b8,3,Thu Mar 04 2021 12:31:39 GMT-0800 (Pacific Standard Time),video,0.0,True,No,,,,Female,
w8f20b4a,3,Thu Mar 04 2021 15:21:42 GMT-0500 (EST),none,0.0,True,No,1.0,[125082],23.26535,Male,76.0
w119ae95,3,Fri Mar 05 2021 11:29:56 GMT-0600 (Central Standard Time),meta,0.0,True,No,1.0,[97827],34.72445,Male,
wbe11e2b,3,Thu Mar 04 2021 15:32:07 GMT-0500 (Eastern Standard Time),meta,0.0,True,No,1.0,[74303],23.31385,Male,53.0
w6122aea,3,Sat Mar 06 2021 13:23:03 GMT-0500 (Eastern Standard Time),none,0.0,True,No,1.0,[112498],18.472833333333334,CONSENT REVOKED,57.0
w7430c8b,3,Sat Mar 06 2021 12:14:23 GMT-0600 (Central Standard Time),none,0.0,True,No,2.0,"[115071, 31401]",25.13715,CONSENT REVOKED,67.0
w2f660d1,3,Sat Mar 06 2021 14:56:47 GMT-0500 (Eastern Standard Time),none,0.0,True,No,1.0,[59962],23.4107,Male,26.0
wdabf0ba,3,Fri Mar 05 2021 12:37:48 GMT-0500 (Eastern Standard Time),video,0.0,True,No,,,,Male,38.0
w9f3957e,3,Sat Mar 06 2021 11:52:57 GMT-0800 (Pacific Standard Time),meta,0.0,True,Yes,1.0,[74438],25.12655,CONSENT REVOKED,38.0
w02d198b,3,Thu Mar 04 2021 14:21:18 GMT-0600 (Central Standard Time),video,0.0,True,No,,,,CONSENT REVOKED,58.0
w79e85f2,3,Thu Mar 04 2021 12:08:38 GMT-0800 (Pacific Standard Time),meta,0.0,True,No,1.0,[315461],31.355433333333334,Male,20.0
wde7fcee,3,Thu Mar 04 2021 14:55:07 GMT-0600 (Central Standard Time),video,0.0,True,No,,,,Male,45.0
wa306d69,3,Thu Mar 04 2021 13:58:33 GMT-0600 (Central Standard Time),meta,0.0,True,No,1.0,[100939],29.6811,Male,32.0
wfbd1663,3,Thu Mar 04 2021 14:28:01 GMT-0600 (Central Standard Time),none,0.0,True,No,1.0,[88745],23.200733333333332,Male,24.0
w543c0d2,3,Sat Mar 06 2021 10:07:42 GMT-0800 (Pacific Standard Time),action,0.0,True,No,1.0,[87989],26.79025,Female,45.0
w59bf70f,3,Thu Mar 04 2021 13:55:19 GMT-0700 (Mountain Standard Time),action,0.0,True,No,1.0,[44609],20.820766666666668,Female,28.0
wfcb134a,3,Thu Mar 04 2021 15:30:33 GMT-0500 (Eastern Standard Time),meta,0.0,True,No,1.0,[232150],48.83076666666667,Male,32.0
w50e64fb,3,Thu Mar 04 2021 13:16:30 GMT-0800 (Pacific Standard Time),action,0.0,True,No,1.0,[172900],30.971216666666667,Female,24.0
w280a6cc,3,Sat Mar 06 2021 11:06:56 GMT-0700 (Mountain Standard Time),video,0.0,True,No,,,,Male,64.0
w901d9a9,3,Thu Mar 04 2021 13:26:23 GMT-0700 (Mountain Standard Time),none,0.0,True,Yes,2.0,"[101314, 57850]",38.6747,CONSENT REVOKED,48.0
w6d18cba,3,Sat Mar 06 2021 10:20:01 GMT-0800 (GMT-08:00),meta,0.0,True,No,1.0,[46389],39.61776666666667,Male,22.0
w356d8f7,3,Thu Mar 04 2021 14:25:52 GMT-0500 (Eastern Standard Time),meta,0.0,True,No,1.0,[229121],53.806216666666664,Female,37.0
w3c26157,3,Thu Mar 04 2021 13:22:08 GMT-0700 (Mountain Standard Time),action,0.0,True,No,2.0,"[52359, 11266]",28.037783333333334,Male,37.0
w84ee0b1,3,Thu Mar 04 2021 14:08:32 GMT-0500 (EST),meta,0.0,True,No,1.0,[41867],24.6294,Female,20.0
w3c5b2b5,3,Thu Mar 04 2021 14:22:58 GMT-0600 (Central Standard Time),none,0.0,True,No,1.0,[129209],25.1845,Male,23.0
w5373482,3,Thu Mar 04 2021 15:07:45 GMT-0500 (Eastern Standard Time),none,0.0,True,No,1.0,[84927],75.27398333333333,Male,49.0
w7058cab,3,Sat Mar 06 2021 13:09:25 GMT-0500 (Eastern Standard Time),meta,0.0,True,Not sure,1.0,[89170],72.25586666666666,Female,33.0
wff3a2f6,3,Thu Mar 04 2021 13:21:49 GMT-0700 (Mountain Standard Time),meta,0.0,True,No,1.0,[143465],37.08705,Female,26.0
w6cda845,3,Thu Mar 04 2021 14:08:04 GMT-0500 (EST),action,0.0,True,No,2.0,"[84579, 21076]",36.12696666666667,Female,20.0
wdacb8dc,3,Thu Mar 04 2021 14:16:56 GMT-0500 (Eastern Standard Time),none,0.0,True,Yes,1.0,[72712],43.49415,Female,45.0
w8e86bcf,3,Thu Mar 04 2021 12:08:03 GMT-0800 (Pacific Standard Time),none,0.0,True,No,2.0,"[38678, 48296]",17.990633333333335,Female,30.0
wb03e3cb,3,Sat Mar 06 2021 11:54:39 GMT-0800 (Pacific Standard Time),meta,0.0,True,No,1.0,[124241],49.77151666666666,Male,53.0
w5a84b13,3,Thu Mar 04 2021 15:27:00 GMT-0500 (Eastern Standard Time),none,0.0,True,No,1.0,[100480],23.943783333333332,Female,50.0
w0b795cf,3,Sat Mar 06 2021 14:52:16 GMT-0500 (Eastern Standard Time),action,0.0,True,No,1.0,[64577],23.26075,CONSENT REVOKED,58.0
wfab675d,3,Sat Mar 06 2021 12:35:35 GMT-0600 (Central Standard Time),action,0.0,True,No,2.0,"[92806, 24326]",26.38295,Male,36.0
w65873ef,3,Thu Mar 04 2021 13:29:19 GMT-0500 (Eastern Standard Time),action,0.0,True,No,1.0,[44411],28.596,CONSENT REVOKED,40.0
w8b5bdf8,3,Thu Mar 04 2021 14:18:37 GMT-0600 (Central Standard Time),meta,0.0,True,No,1.0,[87681],19.017833333333332,Male,53.0
w923a7c1,3,Thu Mar 04 2021 13:58:39 GMT-0600 (Central Standard Time),video,0.0,True,No,,,,Female,32.0
wa0174ad,3,Thu Mar 04 2021 10:49:40 GMT-0800 (Pacific Standard Time),meta,0.0,True,No,2.0,"[71766, 107181]",72.28553333333333,Male,
w902b2ab,3,Fri Mar 05 2021 11:28:57 GMT-0600 (Central Standard Time),action,0.0,True,No,2.0,"[144799, 65281]",55.55853333333334,Male,60.0
w74058b1,3,Thu Mar 04 2021 12:15:34 GMT-0700 (Mountain Standard Time),none,0.0,True,No,2.0,"[215071, 19866]",26.324816666666667,Female,35.0
wbd57b4b,3,Fri Mar 05 2021 11:28:53 GMT-0600 (Central Standard Time),action,0.0,True,No,1.0,[67000],23.810016666666666,Male,34.0
w28db563,3,Fri Mar 05 2021 10:32:26 GMT-0700 (Mountain Standard Time),meta,0.0,True,No,1.0,[107312],52.35641666666667,Male,39.0
w3d4deda,3,Fri Mar 05 2021 12:29:00 GMT-0500 (Eastern Standard Time),meta,0.0,True,No,1.0,[211539],46.21586666666666,Male,57.0
wbf47f8c,3,Thu Mar 04 2021 17:50:35 GMT-0500 (Eastern Standard Time),video,0.0,True,No,,,,Male,47.0
w9f8a009,3,Thu Mar 04 2021 13:37:10 GMT-0500 (Eastern Standard Time),action,0.0,True,No,1.0,[94173],29.40185,Male,24.0
w0efa1aa,3,Thu Mar 04 2021 14:23:03 GMT-0600 (Central Standard Time),meta,0.0,True,Yes,2.0,"[55466, 29907]",29.720833333333335,Female,57.0
w491b3dd,3,Sat Mar 06 2021 10:07:31 GMT-0800 (Pacific Standard Time),meta,0.0,True,No,1.0,[79009],18.19595,Female,50.0
wbd519f3,3,Sat Mar 06 2021 12:14:39 GMT-0600 (Central Standard Time),action,0.0,True,No,1.0,[148096],42.37165,Male,57.0
w6562141,3,Thu Mar 04 2021 14:10:38 GMT-0500 (Eastern Standard Time),none,0.0,True,No,1.0,[144208],46.08005,Female,44.0
w2616d79,3,Fri Mar 05 2021 12:32:27 GMT-0500 (Eastern Standard Time),action,0.0,True,No,2.0,"[169756, 24130]",40.76813333333333,Male,19.0
w7363488,3,Thu Mar 04 2021 15:28:51 GMT-0500 (Eastern Standard Time),meta,0.0,True,No,1.0,[68585],24.89495,Male,42.0
w0f8aaab,3,Thu Mar 04 2021 14:07:35 GMT-0500 (Eastern Standard Time),none,0.0,True,No,1.0,[114923],21.304316666666665,Female,26.0
wd6ba687,3,Thu Mar 04 2021 15:06:58 GMT-0500 (Eastern Standard Time),video,0.0,True,No,,,,Female,30.0
w88d262b,3,Thu Mar 04 2021 14:10:00 GMT-0600 (Central Standard Time),action,0.0,True,Yes,1.0,[151568],32.296616666666665,Female,30.0
we060a17,3,Thu Mar 04 2021 15:18:50 GMT-0500 (Eastern Standard Time),none,0.0,True,Yes,2.0,"[26663, 39289]",15.05835,Male,47.0
w85f53ef,3,Thu Mar 04 2021 14:12:00 GMT-0500 (Eastern Standard Time),video,0.0,True,Not sure,,,,Female,28.0
we4bf5ee,3,Fri Mar 05 2021 12:26:42 GMT-0500 (Eastern Standard Time),action,0.0,False,,1.0,[29003],,CONSENT REVOKED,27.0
w805c6c1,3,Thu Mar 04 2021 13:16:17 GMT-0600 (Central Standard Time),meta,0.0,True,Yes,2.0,"[43642, 21569]",36.217283333333334,Male,21.0
wbf8eb57,3,Thu Mar 04 2021 15:18:57 GMT-0500 (Eastern Standard Time),action,0.0,True,No,2.0,"[177722, 26424]",63.5072,Female,35.0
w83e985a,3,Thu Mar 04 2021 15:20:55 GMT-0500 (Eastern Standard Time),action,0.0,True,No,2.0,"[52543, 11716]",17.237366666666667,Male,33.0
wd0033cd,3,Thu Mar 04 2021 12:14:14 GMT-0800 (Pacific Standard Time),video,0.0,True,Yes,,,,Female,31.0
we473c1e,3,Sat Mar 06 2021 15:27:06 GMT-0500 (Eastern Standard Time),none,0.0,True,No,1.0,[75558],16.512266666666665,Female,25.0
w0a86d95,3,Thu Mar 04 2021 12:09:30 GMT-0800 (Pacific Standard Time),meta,0.0,True,No,1.0,[62175],26.297733333333333,Female,33.0
w02b14d3,3,Thu Mar 04 2021 15:21:02 GMT-0500 (Eastern Standard Time),meta,0.0,True,Yes,1.0,[90187],21.341583333333332,Male,25.0
wb8b089f,3,Thu Mar 04 2021 12:43:21 GMT-0600 (Central Standard Time),none,0.0,True,No,1.0,[81335],17.01418333333333,Male,34.0
w18feba6,3,Thu Mar 04 2021 13:04:41 GMT-0600 (Central Standard Time),action,0.0,True,No,1.0,[43562],49.999766666666666,Female,21.0
wdf68cb9,3,Thu Mar 04 2021 14:26:23 GMT-0600 (Central Standard Time),meta,0.0,True,No,1.0,[121049],31.37265,Female,36.0
wce1d392,3,Thu Mar 04 2021 13:12:23 GMT-0500 (EST),none,0.0,True,No,2.0,"[36478, 32900]",15.69175,Male,19.0
wa04a5e4,3,Thu Mar 04 2021 13:56:57 GMT-0500 (Eastern Standard Time),action,0.0,True,Yes,1.0,[43256],19.7266,Male,23.0
weef4c76,3,Thu Mar 04 2021 12:23:48 GMT-0800 (Pacific Standard Time),none,0.0,True,Yes,1.0,[58364],34.88825,Male,18.0
wbde0bc9,3,Thu Mar 04 2021 14:00:12 GMT-0500 (Eastern Standard Time),none,0.0,True,No,1.0,[99300],19.265133333333335,Male,51.0
w4df65e9,3,Thu Mar 04 2021 14:16:05 GMT-0600 (Central Standard Time),action,0.0,True,No,1.0,[185551],34.488883333333334,Male,31.0
w4c674a4,3,Fri Mar 05 2021 13:25:55 GMT-0500 (EST),action,0.0,True,No,2.0,"[54099, 13646]",17.24925,Female,22.0
w65f1da9,3,Thu Mar 04 2021 12:17:08 GMT-0800 (Pacific Standard Time),action,0.0,True,No,1.0,[78434],44.39918333333333,Female,32.0
wc516ae9,3,Thu Mar 04 2021 12:52:56 GMT-0800 (Pacific Standard Time),action,0.0,True,No,2.0,"[137566, 86438]",40.7044,Male,66.0
w68e87c8,3,Sat Mar 06 2021 14:15:47 GMT-0500 (Eastern Standard Time),action,0.0,True,No,1.0,[71659],18.5795,Female,28.0
w736b3d8,3,Thu Mar 04 2021 15:45:56 GMT-0500 (Eastern Standard Time),action,0.0,False,,,,,CONSENT REVOKED,63.0
w19ca92f,3,Thu Mar 04 2021 14:31:51 GMT-0500 (Eastern Standard Time),video,0.0,True,No,,,,Male,20.0
w36cf063,3,Thu Mar 04 2021 14:41:46 GMT-0600 (Central Standard Time),none,0.0,True,No,2.0,"[111406, 60622]",44.3922,Female,22.0
w90a87ff,3,Sat Mar 06 2021 12:05:57 GMT-0600 (Central Standard Time),none,0.0,True,No,1.0,[56195],17.712033333333334,Female,20.0
wec9542e,3,Thu Mar 04 2021 14:24:58 GMT-0500 (Eastern Standard Time),video,0.0,True,No,,,,CONSENT REVOKED,18.0
w4d94695,3,Fri Mar 05 2021 11:51:18 GMT-0600 (Central Standard Time),none,0.0,True,Yes,2.0,"[33539, 13188]",14.85115,Male,20.0
w72e500d,3,Thu Mar 04 2021 13:55:08 GMT-0500 (Eastern Standard Time),action,0.0,True,No,1.0,[132912],33.2164,Male,41.0
w90b678d,3,Sat Mar 06 2021 12:18:10 GMT-0600 (Central Standard Time),action,0.0,True,Not sure,2.0,"[99850, 6283]",19.755766666666666,Male,23.0
w2089ba9,3,Fri Mar 05 2021 09:27:41 GMT-0800 (Pacific Standard Time),action,0.0,True,No,2.0,"[127612, 38454]",36.477916666666665,Female,58.0
w8898d8b,3,Fri Mar 05 2021 12:47:27 GMT-0500 (Eastern Standard Time),video,0.0,True,No,,,,Male,35.0
weae19db,3,Thu Mar 04 2021 10:53:44 GMT-0800 (Pacific Standard Time),video,0.0,True,No,,,,Male,29.0
wb90075d,3,Thu Mar 04 2021 13:48:33 GMT-0800 (Pacific Standard Time),meta,0.0,True,No,2.0,"[184329, 13406]",41.3876,Female,25.0
w2f87e90,3,Thu Mar 04 2021 15:21:44 GMT-0500 (Eastern Standard Time),video,0.0,True,No,,,,Female,23.0
w9866132,3,Sat Mar 06 2021 15:12:35 GMT-0500 (Eastern Standard Time),none,0.0,True,Yes,2.0,"[228905, 63421]",85.16776666666667,Female,61.0
w2e454ab,3,Thu Mar 04 2021 15:22:48 GMT-0500 (Eastern Standard Time),none,0.0,True,No,3.0,"[82071, 171211, 64183]",40.30866666666667,Male,31.0
wf53628b,3,Thu Mar 04 2021 15:26:48 GMT-0500 (Eastern Standard Time),none,0.0,True,No,2.0,"[77147, 30667]",22.788883333333334,CONSENT REVOKED,42.0
w430a918,3,Thu Mar 04 2021 11:56:25 GMT-0800 (Pacific Standard Time),action,0.0,True,No,1.0,[73601],17.74973333333333,Male,28.0
wf8443d9,3,Thu Mar 04 2021 13:15:11 GMT-0600 (Central Standard Time),meta,0.0,True,No,1.0,[102152],26.520066666666665,Male,45.0
w2e55922,3,Thu Mar 04 2021 14:24:57 GMT-0600 (Central Standard Time),meta,0.0,True,No,1.0,[53788],39.67151666666667,Male,28.0
wc8b4839,3,Thu Mar 04 2021 14:27:20 GMT-0500 (Eastern Standard Time),meta,0.0,True,No,1.0,[112723],33.31755,Female,25.0
w05e64dd,3,Thu Mar 04 2021 15:23:39 GMT-0500 (Eastern Standard Time),action,0.0,True,No,2.0,"[55606, 10297]",20.180216666666666,Female,29.0
w0376488,3,Fri Mar 05 2021 13:05:44 GMT-0500 (Eastern Standard Time),video,0.0,True,No,,,,Male,21.0
w07ecc3b,3,Thu Mar 04 2021 14:17:06 GMT-0600 (Central Standard Time),video,0.0,True,No,,,,Male,33.0
w7e94a0a,3,Fri Mar 05 2021 12:27:04 GMT-0500 (Eastern Standard Time),action,0.0,True,Yes,1.0,[107097],26.916366666666665,Female,23.0
wb6417fe,3,Thu Mar 04 2021 15:26:22 GMT-0500 (Eastern Standard Time),action,0.0,True,No,2.0,"[328656, 40945]",50.904466666666664,Female,30.0
w1c70e92,3,Thu Mar 04 2021 15:19:02 GMT-0500 (Eastern Standard Time),video,0.0,True,Not sure,,,,Male,19.0
w36dd711,3,Thu Mar 04 2021 15:08:29 GMT-0500 (Eastern Standard Time),none,0.0,True,No,1.0,[72096],20.6233,Female,47.0
w711c559,3,Thu Mar 04 2021 15:17:26 GMT-0500 (Eastern Standard Time),meta,0.0,True,Yes,1.0,[52665],14.752766666666666,Male,46.0
w49fda71,3,Thu Mar 04 2021 13:20:10 GMT-0700 (MST),action,0.0,True,No,2.0,"[28717, 22592]",15.889633333333334,Male,20.0
we202849,3,Thu Mar 04 2021 15:19:57 GMT-0500 (Eastern Standard Time),none,0.0,True,No,2.0,"[106700, 37116]",27.22925,Female,55.0
w8c7d39b,3,Thu Mar 04 2021 14:51:24 GMT-0500 (Eastern Standard Time),action,0.0,True,No,1.0,[103742],24.894283333333334,Male,41.0
w767c5d8,3,Thu Mar 04 2021 14:26:54 GMT-0600 (Central Standard Time),action,0.0,True,No,1.0,[47512],20.42795,Male,37.0
w1987b70,3,Thu Mar 04 2021 12:29:38 GMT-0700 (Mountain Standard Time),none,0.0,True,No,1.0,[93226],25.249883333333333,Male,38.0
w291f658,3,Sat Mar 06 2021 13:10:25 GMT-0500 (Eastern Standard Time),video,0.0,True,No,,,,Female,19.0
w0fe410f,3,Sat Mar 06 2021 12:14:33 GMT-0600 (Central Standard Time),action,0.0,False,,,,,CONSENT REVOKED,58.0
waadcf88,3,Thu Mar 04 2021 13:56:30 GMT-0500 (Eastern Standard Time),meta,0.0,True,No,1.0,[70877],14.46535,Male,28.0
w3ac7814,3,Thu Mar 04 2021 10:18:33 GMT-1000 (Hawaii-Aleutian Standard Time),video,0.0,True,Yes,,,,Male,22.0
wfa8edc3,3,Thu Mar 04 2021 13:15:40 GMT-0700 (Mountain Standard Time),meta,0.0,True,No,1.0,[134161],35.0173,Female,24.0
wc0c42ae,3,Thu Mar 04 2021 14:15:51 GMT-0500 (Eastern Standard Time),video,0.0,True,No,,,,Female,61.0
w9b89f78,3,Thu Mar 04 2021 15:20:42 GMT-0500 (Eastern Standard Time),action,0.0,True,No,4.0,"[1751414, 12791, 8951, 4700]",128.08296666666666,Female,19.0
w1973103,3,Thu Mar 04 2021 14:23:25 GMT-0600 (Central Standard Time),none,0.0,True,Yes,1.0,[63219],16.1479,Male,39.0
wa16881f,3,Thu Mar 04 2021 11:24:14 GMT-0800 (Pacific Standard Time),video,0.0,True,Not sure,,,,Female,18.0
w46575fe,3,Thu Mar 04 2021 15:07:24 GMT-0500 (Eastern Standard Time),meta,0.0,True,No,1.0,[131495],56.74326666666666,CONSENT REVOKED,53.0
wa224d76,3,Thu Mar 04 2021 14:42:59 GMT-0600 (Central Standard Time),none,0.0,True,No,1.0,[155720],29.436516666666666,Male,33.0
wb3736b4,3,Thu Mar 04 2021 12:30:01 GMT-0700 (Mountain Standard Time),meta,0.0,True,No,1.0,[100933],29.190566666666665,Male,41.0
w03f5806,3,Thu Mar 04 2021 15:28:29 GMT-0500 (Eastern Standard Time),action,0.0,True,Yes,1.0,[324174],76.19826666666667,CONSENT REVOKED,48.0
w03d3da2,3,Thu Mar 04 2021 15:42:15 GMT-0500 (Eastern Standard Time),video,0.0,True,No,,,,Male,26.0
w4287650,3,Thu Mar 04 2021 14:14:37 GMT-0500 (Eastern Standard Time),none,0.0,True,No,2.0,"[73214, 6361]",16.448866666666667,Male,27.0
w3b2a438,3,Thu Mar 04 2021 15:39:41 GMT-0500 (Eastern Standard Time),none,0.0,True,Yes,6.0,"[118500, 72365, 42441, 7650, 12548, 15454]",32.21456666666667,Female,18.0
wdcb5cc1,3,Thu Mar 04 2021 10:59:10 GMT-0800 (Pacific Standard Time),action,0.0,True,No,1.0,[82408],29.598833333333335,Female,20.0
w4e39a98,3,Sat Mar 06 2021 14:04:02 GMT-0600 (Central Standard Time),none,0.0,True,Yes,1.0,[61372],21.43375,Male,47.0
w0d8afed,3,Thu Mar 04 2021 14:20:45 GMT-0600 (Central Standard Time),video,0.0,True,No,,,,Male,22.0
w78fd5c6,3,Thu Mar 04 2021 11:36:41 GMT-0700 (Mountain Standard Time),video,0.0,True,No,,,,Male,31.0
w42b302d,3,Thu Mar 04 2021 12:23:41 GMT-0800 (Pacific Standard Time),video,0.0,True,No,,,,Female,
wfbf1cf7,3,Thu Mar 04 2021 15:21:36 GMT-0500 (Eastern Standard Time),none,0.0,True,No,1.0,[126529],20.428183333333333,Female,43.0
w46dc7f1,3,Thu Mar 04 2021 14:26:24 GMT-0500 (Eastern Standard Time),video,0.0,True,No,,,,Male,37.0
wae708fd,3,Thu Mar 04 2021 13:34:35 GMT-0500 (Eastern Standard Time),video,0.0,True,No,,,,CONSENT REVOKED,43.0
w5c71f76,3,Fri Mar 05 2021 11:32:31 GMT-0700 (Mountain Standard Time),meta,0.0,True,No,2.0,"[120141, 34585]",45.6644,Female,34.0
w9c42b4d,3,Thu Mar 04 2021 14:24:23 GMT-0500 (Eastern Standard Time),action,0.0,True,No,2.0,"[160352, 7123]",23.180466666666668,Male,35.0
w091f388,3,Thu Mar 04 2021 15:06:59 GMT-0500 (Eastern Standard Time),action,0.0,True,No,1.0,[680749],87.30671666666667,Female,29.0
w6611070,3,Thu Mar 04 2021 15:39:35 GMT-0500 (Eastern Standard Time),meta,0.0,True,No,1.0,[524003],52.8895,Female,39.0
w6150c3e,3,Thu Mar 04 2021 15:19:33 GMT-0500 (Eastern Standard Time),video,0.0,True,Not sure,,,,CONSENT REVOKED,22.0
w7a50d84,3,Thu Mar 04 2021 14:10:37 GMT-0600 (Central Standard Time),meta,0.0,True,No,1.0,[169646],37.354083333333335,Female,31.0
w09309ae,3,Sat Mar 06 2021 13:07:06 GMT-0500 (Eastern Standard Time),meta,0.0,True,Yes,1.0,[83903],42.7417,Female,23.0
w48b3211,3,Thu Mar 04 2021 14:10:33 GMT-0600 (Central Standard Time),video,0.0,True,No,,,,Female,50.0
wb139189,3,Thu Mar 04 2021 15:25:10 GMT-0500 (Eastern Standard Time),action,0.0,True,Yes,2.0,"[70024, 24281]",25.446833333333334,Female,18.0
w6f4539f,3,Thu Mar 04 2021 11:11:15 GMT-0800 (Pacific Standard Time),action,0.0,True,No,1.0,[21274],18.286816666666667,Male,37.0
w6bfc39c,3,Sat Mar 06 2021 12:41:05 GMT-0600 (Central Standard Time),action,0.0,True,No,1.0,[322636],44.6772,Male,37.0
w3b73f2c,3,Thu Mar 04 2021 14:15:03 GMT-0500 (Eastern Standard Time),video,0.0,True,No,,,,Male,28.0
waf9b492,3,Thu Mar 04 2021 13:24:08 GMT-0500 (Eastern Standard Time),video,0.0,True,No,,,,Male,32.0
w0bfa5f6,3,Thu Mar 04 2021 14:23:54 GMT-0600 (Central Standard Time),action,0.0,True,Yes,1.0,[70953],20.143883333333335,Female,24.0
w77ea4a6,3,Thu Mar 04 2021 15:20:57 GMT-0500 (Eastern Standard Time),none,0.0,False,,1.0,[99323],,Female,30.0
w788b225,3,Thu Mar 04 2021 13:25:19 GMT-0600 (Central Standard Time),action,0.0,True,No,1.0,[72271],67.8354,Female,28.0
w89c7369,3,Thu Mar 04 2021 15:09:38 GMT-0500 (Eastern Standard Time),meta,0.0,True,No,2.0,"[205543, 22237]",76.20268333333334,CONSENT REVOKED,50.0
wc735ce4,3,Fri Mar 05 2021 12:27:54 GMT-0500 (Eastern Standard Time),video,0.0,True,No,,,,Male,44.0
w038c26f,3,Thu Mar 04 2021 15:08:37 GMT-0500 (Eastern Standard Time),video,0.0,True,No,,,,CONSENT REVOKED,57.0
w81c52ca,3,Thu Mar 04 2021 14:24:55 GMT-0600 (Central Standard Time),action,0.0,False,,1.0,[68809],,CONSENT REVOKED,19.0
wd34cef0,3,Thu Mar 04 2021 15:18:49 GMT-0500 (Eastern Standard Time),video,0.0,True,No,,,,Female,37.0
wd022725,3,Thu Mar 04 2021 15:22:24 GMT-0500 (Eastern Standard Time),meta,0.0,True,No,1.0,[102126],44.45245,Female,60.0
wae484a7,3,Thu Mar 04 2021 15:18:42 GMT-0500 (Eastern Standard Time),meta,0.0,True,No,1.0,[112010],39.26016666666667,Female,47.0
we9f0945,3,Sat Mar 06 2021 11:32:46 GMT-0700 (Mountain Standard Time),none,0.0,True,Yes,2.0,"[129813, 16444]",35.55015,Male,50.0
w2a2433b,3,Thu Mar 04 2021 14:21:31 GMT-0600 (Central Standard Time),video,0.0,True,No,,,,Male,30.0
w336a0a4,3,Thu Mar 04 2021 10:24:30 GMT-0800 (Pacific Standard Time),none,0.0,True,No,3.0,"[89782, 17664, 38801]",33.02708333333333,Female,29.0
w549f859,3,Thu Mar 04 2021 15:08:33 GMT-0500 (Eastern Standard Time),none,0.0,True,No,1.0,[97108],24.57881666666667,Male,38.0
wb9cb6c4,3,Fri Mar 05 2021 12:27:38 GMT-0500 (Eastern Standard Time),action,0.0,True,No,1.0,[70015],19.780166666666666,Male,41.0
wa869972,3,Thu Mar 04 2021 14:26:47 GMT-0600 (Central Standard Time),none,0.0,True,No,2.0,"[115175, 40104]",34.58578333333333,Male,57.0
w4a8efa4,3,Thu Mar 04 2021 10:57:20 GMT-0800 (Pacific Standard Time),meta,0.0,True,No,1.0,[31666],15.716016666666667,Female,32.0
w3832d1e,3,Thu Mar 04 2021 15:27:04 GMT-0500 (Eastern Standard Time),video,0.0,True,Not sure,,,,Male,30.0
w4454391,3,Thu Mar 04 2021 13:22:11 GMT-0700 (Mountain Standard Time),none,0.0,True,Not sure,2.0,"[120787, 31451]",57.55201666666667,Female,30.0
waca141c,3,Thu Mar 04 2021 15:27:05 GMT-0500 (Eastern Standard Time),meta,0.0,True,No,2.0,"[153706, 23653]",27.488783333333334,Female,35.0
wec7a380,3,Thu Mar 04 2021 15:14:19 GMT-0500 (Eastern Standard Time),meta,0.0,True,No,1.0,[127770],28.521583333333332,Female,62.0
w36c7fa7,3,Thu Mar 04 2021 13:24:46 GMT-0700 (MST),none,0.0,True,No,2.0,"[123168, 22140]",27.574816666666667,Female,43.0
wfb17bc3,3,Thu Mar 04 2021 15:14:56 GMT-0500 (Eastern Standard Time),action,0.0,True,No,1.0,[55152],20.0061,Male,26.0
we6987b6,3,Sat Mar 06 2021 14:52:55 GMT-0500 (Eastern Standard Time),video,0.0,True,No,,,,Female,18.0
w3639f61,3,Thu Mar 04 2021 13:21:59 GMT-0800 (GMT-08:00),action,0.0,True,No,1.0,[44633],17.05015,Male,35.0
w6dfbd33,3,Thu Mar 04 2021 14:32:48 GMT-0600 (Central Standard Time),meta,0.0,True,No,1.0,[166066],35.91278333333333,Male,36.0
w6e4cb3b,3,Thu Mar 04 2021 12:15:41 GMT-0800 (Pacific Standard Time),video,0.0,True,Not sure,,,,Male,32.0
wf2b60d5,3,Thu Mar 04 2021 15:14:27 GMT-0500 (Eastern Standard Time),none,0.0,True,No,1.0,[115634],21.745666666666665,Female,39.0
wa363df8,3,Thu Mar 04 2021 14:07:42 GMT-0500 (Eastern Standard Time),video,0.0,True,No,,,,Male,28.0
wc4fbeff,3,Sat Mar 06 2021 13:38:26 GMT-0500 (Eastern Standard Time),none,0.0,True,No,1.0,[17653],12.927833333333334,Male,23.0
w5446edc,3,Thu Mar 04 2021 12:19:47 GMT-0700 (Mountain Standard Time),meta,0.0,True,No,2.0,"[72286, 27192]",27.46775,Male,45.0
w84511d1,3,Thu Mar 04 2021 14:42:44 GMT-0500 (Eastern Standard Time),video,0.0,True,Yes,,,,Female,18.0
w823d9b2,3,Thu Mar 04 2021 10:28:09 GMT-0800 (Pacific Standard Time),video,0.0,True,No,,,,Female,27.0
w07d4b63,3,Sat Mar 06 2021 12:14:59 GMT-0600 (Central Standard Time),video,0.0,True,No,,,,Male,29.0
w53e11ab,3,Sat Mar 06 2021 13:05:40 GMT-0500 (Eastern Standard Time),action,0.0,True,No,1.0,[83536],27.47286666666667,Male,43.0
wcfa0327,3,Thu Mar 04 2021 13:19:15 GMT-0500 (Eastern Standard Time),none,0.0,True,Yes,1.0,[562593],42.469633333333334,Female,29.0
w36db2f1,3,Thu Mar 04 2021 16:49:46 GMT-0500 (Eastern Standard Time),none,0.0,True,No,1.0,[12281],17.1454,Male,24.0
wfcc035c,3,Thu Mar 04 2021 11:29:16 GMT-0700 (Mountain Standard Time),meta,0.0,True,No,2.0,"[54203, 36268]",37.79131666666667,CONSENT REVOKED,18.0
w5f379af,3,Sat Mar 06 2021 12:06:00 GMT-0600 (Central Standard Time),action,0.0,True,No,2.0,"[51124, 18542]",17.859666666666666,Male,25.0
wc6df6cb,3,Thu Mar 04 2021 12:26:48 GMT-0800 (Pacific Standard Time),video,0.0,True,No,,,,Male,32.0
w12cebf8,3,Fri Mar 05 2021 05:33:12 GMT+0800 (China Standard Time),video,0.0,True,No,,,,Male,31.0
w6072d42,3,Sat Mar 06 2021 14:52:30 GMT-0500 (Eastern Standard Time),meta,0.0,True,No,1.0,[57110],25.04785,CONSENT REVOKED,29.0
w5887678,3,Thu Mar 04 2021 12:44:44 GMT-0600 (Central Standard Time),action,0.0,True,Yes,1.0,[132778],42.77526666666667,Female,45.0
w5e8dc5f,3,Thu Mar 04 2021 15:37:47 GMT-0500 (Eastern Standard Time),none,0.0,True,No,1.0,[131119],34.7544,Male,20.0
w2aa1856,3,Sat Mar 06 2021 12:10:04 GMT-0600 (Central Standard Time),meta,0.0,True,Yes,2.0,"[114622, 44524]",46.68555,Male,46.0
w46bf32c,3,Thu Mar 04 2021 15:15:14 GMT-0500 (Eastern Standard Time),meta,0.0,True,No,1.0,[12844],16.520866666666667,Male,39.0
w5f6c419,3,Sat Mar 06 2021 12:25:47 GMT-0600 (Central Standard Time),meta,0.0,True,No,1.0,[179995],25.532466666666668,Female,35.0
w492e9cc,3,Thu Mar 04 2021 14:20:35 GMT-0600 (Central Standard Time),meta,0.0,True,No,1.0,[140417],22.331916666666668,Male,21.0
w2e72bd8,3,Thu Mar 04 2021 10:16:31 GMT-0800 (Pacific Standard Time),meta,0.0,True,No,1.0,[189749],49.53435,Male,35.0
w24d236c,3,Thu Mar 04 2021 15:34:22 GMT-0600 (Central Standard Time),meta,0.0,True,No,1.0,[141099],32.924566666666664,Male,24.0
w303ca15,3,Sat Mar 06 2021 19:09:30 GMT+0100 (West Africa Standard Time),none,0.0,True,No,1.0,[1748539],100.9083,Male,30.0
wbed83f9,3,Sat Mar 06 2021 19:09:06 GMT+0100 (West Africa Standard Time),action,0.0,True,No,2.0,"[1636072, 42719]",120.62075,Female,30.0
w9657302,3,Sat Mar 06 2021 19:09:23 GMT+0100 (West Africa Standard Time),video,0.0,True,No,,,,Male,30.0
w0ff5322,3,Sat Mar 06 2021 19:09:23 GMT+0100 (West Africa Standard Time),video,0.0,True,No,,,,Male,30.0
w2a36bd1,3,Fri Mar 05 2021 10:17:53 GMT+1400 (Line Islands Time),meta,0.0,True,No,1.0,[213051],56.77953333333333,Male,32.0
w2e3bb38,3,Thu Mar 04 2021 13:21:52 GMT-0700 (Mountain Standard Time),none,0.0,True,No,2.0,"[72346, 61875]",20.868783333333333,Female,50.0
wfccf21d,3,Thu Mar 04 2021 16:47:21 GMT-0500 (Eastern Standard Time),action,0.0,True,No,2.0,"[181222, 140095]",58.62433333333333,Male,40.0
wb6a56e8,3,Thu Mar 04 2021 10:52:47 GMT-0800 (Pacific Standard Time),none,0.0,True,No,1.0,[76850],21.63555,Male,39.0
w5bace63,3,Fri Mar 05 2021 06:36:56 GMT+0800 (China Standard Time),video,0.0,True,No,,,,Male,31.0
w3ff93c8,3,Sat Mar 06 2021 10:08:13 GMT-0800 (Pacific Standard Time),meta,0.0,True,No,1.0,[213571],73.07651666666666,Male,40.0
wdb3c709,3,Thu Mar 04 2021 12:42:39 GMT-0800 (Pacific Standard Time),none,0.0,True,No,1.0,[59152],19.701416666666667,Male,31.0
w223176f,3,Thu Mar 04 2021 12:29:56 GMT-0700 (Mountain Standard Time),none,0.0,True,No,1.0,[80536],37.00405,Female,32.0
w8b840f2,3,Fri Mar 05 2021 10:42:20 GMT-0700 (Mountain Standard Time),none,0.0,True,No,1.0,[201672],36.58356666666667,Male,33.0
w2534f27,3,Thu Mar 04 2021 13:56:20 GMT-0500 (Eastern Standard Time),video,0.0,True,No,,,,CONSENT REVOKED,38.0
we615acc,3,Thu Mar 04 2021 15:45:37 GMT-0500 (Eastern Standard Time),action,0.0,False,,2.0,"[39942, 20256]",17.026016666666667,CONSENT REVOKED,45.0
w5a6b6e6,3,Thu Mar 04 2021 13:14:21 GMT-0500 (Eastern Standard Time),meta,0.0,True,No,1.0,[159619],31.755433333333333,Female,49.0
w6356315,3,Thu Mar 04 2021 14:20:21 GMT-0600 (Central Standard Time),video,0.0,True,Yes,,,,Female,29.0
w60ab93a,3,Thu Mar 04 2021 14:07:09 GMT-0600 (CST),meta,0.0,False,,,,,Female,21.0
wbbb57a3,3,Thu Mar 04 2021 22:17:52 GMT+0100 (West Africa Standard Time),none,0.0,True,No,1.0,[206010],30.120666666666665,Male,30.0
w189f4f7,3,Sat Mar 06 2021 12:07:04 GMT-0600 (Central Standard Time),action,0.0,True,No,1.0,[110494],25.237216666666665,Male,60.0
w24e8ccf,3,Thu Mar 04 2021 15:45:27 GMT-0500 (Eastern Standard Time),none,0.0,True,No,1.0,[84895],23.235,CONSENT REVOKED,28.0
wa9508ce,3,Thu Mar 04 2021 15:18:51 GMT-0500 (Eastern Standard Time),video,0.0,True,No,,,,Female,26.0
we835bff,3,Thu Mar 04 2021 12:25:05 GMT-0800 (Pacific Standard Time),meta,0.0,True,No,1.0,[81022],38.30198333333333,Female,35.0
w1a386e1,3,Thu Mar 04 2021 12:37:05 GMT-0600 (Central Standard Time),none,0.0,True,No,1.0,[66291],17.410566666666668,Female,22.0
wc2e82d4,3,Thu Mar 04 2021 13:11:07 GMT-0800 (PST),meta,0.0,True,No,1.0,[105995],41.257016666666665,Female,
w852972e,3,Fri Mar 05 2021 04:27:53 GMT+0800 (China Standard Time),action,0.0,True,Yes,2.0,"[243861, 18208]",52.74528333333333,Male,
w9d0f302,3,Thu Mar 04 2021 14:23:11 GMT-0600 (Central Standard Time),video,0.0,True,No,,,,Male,30.0
w4f1b465,3,Thu Mar 04 2021 15:07:53 GMT-0500 (Eastern Standard Time),video,0.0,True,Yes,,,,Female,33.0
w46d9aef,3,Thu Mar 04 2021 15:49:36 GMT-0500 (Eastern Standard Time),video,0.0,True,Yes,,,,Male,39.0
w3288c08,3,Thu Mar 04 2021 14:19:53 GMT-0600 (Central Standard Time),none,0.0,True,No,2.0,"[56238, 14319]",17.469316666666668,Male,29.0
w418f611,3,Thu Mar 04 2021 14:10:31 GMT-0600 (Central Standard Time),meta,0.0,True,Not sure,2.0,"[152815, 134464]",53.81633333333333,Female,20.0
wc043dd6,3,Thu Mar 04 2021 14:40:44 GMT-0500 (Eastern Standard Time),video,0.0,True,No,,,,CONSENT REVOKED,28.0
wb505585,3,Thu Mar 04 2021 12:58:04 GMT-0800 (Pacific Standard Time),meta,0.0,False,,1.0,[422241],,CONSENT REVOKED,30.0
w84bc258,3,Fri Mar 05 2021 12:28:31 GMT-0500 (Eastern Standard Time),meta,0.0,True,No,1.0,[125532],48.581066666666665,CONSENT REVOKED,62.0
wf2f447c,3,Thu Mar 04 2021 10:24:41 GMT-0800 (Pacific Standard Time),video,0.0,True,No,,,,Male,29.0
w7878332,3,Sat Mar 06 2021 13:38:48 GMT-0500 (Eastern Standard Time),none,0.0,True,No,1.0,[58218],20.336983333333333,Male,28.0
w6a0a847,3,Thu Mar 04 2021 12:42:48 GMT-0800 (Pacific Standard Time),video,0.0,True,No,,,,CONSENT REVOKED,32.0
we19727a,3,Thu Mar 04 2021 12:18:24 GMT-0800 (Pacific Standard Time),action,0.0,True,No,1.0,[46315],26.8442,Male,24.0
w06c7293,3,Thu Mar 04 2021 14:01:01 GMT-0500 (Eastern Standard Time),none,0.0,True,No,2.0,"[69024, 16395]",24.255966666666666,Male,27.0
we18d4f2,3,Thu Mar 04 2021 15:29:02 GMT-0500 (Eastern Standard Time),meta,0.0,True,No,1.0,[129390],29.7513,Female,27.0
wa1838b6,3,Thu Mar 04 2021 11:16:51 GMT-0800 (Pacific Standard Time),meta,0.0,True,No,1.0,[229930],59.611866666666664,Male,26.0
wc621a5a,3,Thu Mar 04 2021 21:27:29 GMT+0100 (West Africa Standard Time),video,0.0,True,No,,,,Female,32.0
w5d50abb,3,Sat Mar 06 2021 13:06:26 GMT-0500 (Eastern Standard Time),none,0.0,True,No,3.0,"[84541, 29379, 5835]",21.565566666666665,Male,34.0
w6f52f3e,3,Sat Mar 06 2021 13:07:50 GMT-0500 (Eastern Standard Time),video,0.0,True,No,,,,Female,44.0
wf75668d,3,Thu Mar 04 2021 13:21:56 GMT-0600 (Central Standard Time),meta,0.0,True,No,2.0,"[94328, 17010]",47.095683333333334,Male,18.0
w6b5340c,3,Thu Mar 04 2021 12:17:53 GMT-0700 (Mountain Standard Time),none,0.0,True,No,1.0,[66293],23.04425,Male,18.0
wca69adf,3,Thu Mar 04 2021 10:59:44 GMT-0800 (Pacific Standard Time),meta,0.0,True,No,2.0,"[103166, 37992]",36.9938,Male,26.0
w8b2c77e,3,Thu Mar 04 2021 15:52:51 GMT-0500 (Eastern Standard Time),action,0.0,True,No,2.0,"[49702, 14688]",18.932916666666667,Male,27.0
w205724e,3,Thu Mar 04 2021 14:24:07 GMT-0500 (EST),none,0.0,True,No,2.0,"[79728, 52701]",33.79743333333333,Female,21.0
wada3954,3,Thu Mar 04 2021 11:32:45 GMT-0800 (Pacific Standard Time),action,0.0,True,No,1.0,[89362],24.93665,Female,34.0
wb18f79f,3,Thu Mar 04 2021 12:20:01 GMT-0800 (Pacific Standard Time),none,0.0,True,No,1.0,[53232],14.913016666666667,Female,21.0
w3f3b480,3,Thu Mar 04 2021 15:19:02 GMT-0500 (Eastern Standard Time),video,0.0,True,No,,,,Male,28.0
wd4fe006,3,Thu Mar 04 2021 11:26:34 GMT-0800 (Pacific Standard Time),none,0.0,True,No,1.0,[115525],19.71905,Male,36.0
wd4db0c0,3,Thu Mar 04 2021 15:23:18 GMT-0500 (Eastern Standard Time),meta,0.0,True,No,2.0,"[29659, 36648]",18.65205,Male,26.0
w226e976,3,Thu Mar 04 2021 11:16:37 GMT-0800 (Pacific Standard Time),action,0.0,True,No,1.0,[82903],20.178716666666666,Male,35.0
wa3e602b,3,Thu Mar 04 2021 15:31:51 GMT-0500 (Eastern Standard Time),video,0.0,True,No,,,,Male,33.0
wb7d170b,3,Thu Mar 04 2021 11:55:51 GMT-0700 (Mountain Standard Time),action,0.0,True,No,1.0,[36412],22.179316666666665,Female,20.0
w390c80c,3,Thu Mar 04 2021 12:22:14 GMT-0700 (Mountain Standard Time),action,0.0,True,No,1.0,[106176],40.41721666666667,Male,18.0
w5bf49cd,3,Thu Mar 04 2021 16:38:35 GMT-0500 (Eastern Standard Time),action,0.0,True,Yes,1.0,[83055],22.92535,Male,37.0
w0487c80,3,Sat Mar 06 2021 13:14:43 GMT-0500 (Eastern Standard Time),meta,0.0,True,Yes,1.0,[109262],32.93735,Female,24.0
w0926efc,3,Fri Mar 05 2021 12:27:08 GMT-0500 (Eastern Standard Time),meta,0.0,True,No,1.0,[46316],13.07555,Male,34.0
w6c1d58f,3,Thu Mar 04 2021 14:24:51 GMT-0500 (Eastern Standard Time),none,0.0,True,No,1.0,[109638],16.630266666666667,Male,37.0
wf2a7bf8,3,Thu Mar 04 2021 15:09:20 GMT-0500 (Eastern Standard Time),meta,0.0,True,Yes,2.0,"[202874, 26667]",36.85221666666666,Female,34.0
wf7bd8e7,3,Thu Mar 04 2021 14:08:23 GMT-0600 (Central Standard Time),action,0.0,True,Yes,1.0,[340020],42.51368333333333,Male,32.0
w27a7a51,3,Thu Mar 04 2021 15:08:59 GMT-0500 (Eastern Standard Time),none,0.0,True,Yes,1.0,[72301],39.0305,Female,24.0
wcdf423f,3,Thu Mar 04 2021 15:56:43 GMT-0500 (Eastern Standard Time),video,0.0,True,No,,,,Female,50.0
w0260ac1,3,Thu Mar 04 2021 15:25:31 GMT-0500 (Eastern Standard Time),action,0.0,True,No,1.0,[57575],15.945816666666667,Male,22.0
wd179034,3,Sat Mar 06 2021 13:59:37 GMT-0600 (Central Standard Time),action,0.0,True,Yes,2.0,"[74329, 37169]",41.08396666666667,Male,38.0
w4cf2017,3,Thu Mar 04 2021 12:26:37 GMT-0800 (Pacific Standard Time),none,0.0,True,No,1.0,[58909],17.565216666666668,Male,31.0
wf7fe178,3,Thu Mar 04 2021 13:07:31 GMT-0600 (Central Standard Time),meta,0.0,True,No,1.0,[106898],25.690433333333335,Female,24.0
wce3272f,3,Thu Mar 04 2021 14:36:34 GMT-0500 (Eastern Standard Time),none,0.0,True,No,1.0,[104313],21.945216666666667,Female,42.0
w525fc3e,3,Fri Mar 05 2021 04:29:16 GMT+0800 (Singapore Standard Time),none,0.0,True,No,1.0,[83001],25.397266666666667,Male,32.0
w4eff7d0,3,Thu Mar 04 2021 14:08:22 GMT-0500 (Eastern Standard Time),video,0.0,True,No,,,,Female,29.0
wdf1f90b,3,Sat Mar 06 2021 12:16:21 GMT-0600 (Central Standard Time),action,0.0,True,No,1.0,[63508],35.614466666666665,Female,22.0
w98f9a69,3,Thu Mar 04 2021 14:22:43 GMT-0600 (Central Standard Time),video,0.0,True,Yes,,,,Female,39.0
w4c140e9,3,Thu Mar 04 2021 15:26:07 GMT-0500 (Eastern Standard Time),none,0.0,True,No,2.0,"[34915, 36516]",18.09155,Female,35.0
wf23e9a9,3,Sat Mar 06 2021 14:52:11 GMT-0500 (Eastern Standard Time),video,0.0,True,No,,,,Male,20.0
w40fb1b1,3,Sat Mar 06 2021 13:12:41 GMT-0500 (Eastern Standard Time),action,0.0,True,Yes,1.0,[150674],60.42066666666667,Male,33.0
wcc9d9c1,3,Fri Mar 05 2021 11:49:13 GMT-0600 (Central Standard Time),meta,0.0,True,No,2.0,"[101219, 33203]",43.038866666666664,Male,70.0
w17be5b5,3,Thu Mar 04 2021 14:43:16 GMT-0600 (Central Standard Time),action,0.0,True,No,1.0,[45434],20.015733333333333,Male,22.0
w47fc9d0,3,Sat Mar 06 2021 12:31:51 GMT-0600 (Central Standard Time),meta,0.0,True,Yes,2.0,"[13418, 7435]",44.46338333333333,Male,41.0
w9aff8f5,3,Thu Mar 04 2021 13:36:40 GMT-0500 (Eastern Standard Time),action,0.0,True,No,1.0,[64898],22.4733,Female,39.0
w0cef94a,3,Thu Mar 04 2021 14:14:37 GMT-0600 (Central Standard Time),action,0.0,True,Yes,1.0,[247164],44.09921666666666,Female,25.0
w6e03b3a,3,Thu Mar 04 2021 14:19:39 GMT-0600 (Central Standard Time),none,0.0,True,No,1.0,[142465],41.06316666666667,Male,
w14fe459,3,Thu Mar 04 2021 16:23:29 GMT-0500 (Eastern Standard Time),action,0.0,True,No,1.0,[98715],20.86553333333333,Female,26.0
wfa152a5,3,Thu Mar 04 2021 12:45:33 GMT-0800 (Pacific Standard Time),meta,0.0,True,No,2.0,"[361686, 48584]",43.19595,Female,29.0
w9e701b1,3,Thu Mar 04 2021 14:33:33 GMT-0600 (Central Standard Time),meta,0.0,True,No,1.0,[86423],26.286033333333332,Female,23.0
w3b6f643,3,Thu Mar 04 2021 14:30:45 GMT-0500 (Eastern Standard Time),meta,0.0,True,No,1.0,[47358],22.9605,Male,34.0
w633c63c,3,Thu Mar 04 2021 15:19:33 GMT-0500 (Eastern Standard Time),meta,0.0,True,Not sure,1.0,[59559],24.011266666666668,Female,27.0
w5ff679d,3,Thu Mar 04 2021 12:23:58 GMT-0600 (Central Standard Time),meta,0.0,True,Yes,2.0,"[58315, 39401]",18.67235,Male,22.0
w81054ef,3,Thu Mar 04 2021 14:09:14 GMT-0600 (Central Standard Time),video,0.0,True,No,,,,Female,23.0
wf9a3acd,3,Thu Mar 04 2021 16:10:29 GMT-0500 (Eastern Standard Time),meta,0.0,True,No,3.0,"[76595, 35347, 29207]",35.13965,Male,40.0
w914448c,3,Thu Mar 04 2021 10:18:16 GMT-0800 (Pacific Standard Time),none,0.0,False,,2.0,"[54224, 35781]",10.865333333333334,Female,22.0
w736a60c,3,Thu Mar 04 2021 15:26:22 GMT-0500 (Eastern Standard Time),action,0.0,True,No,1.0,[103668],35.4535,Male,19.0
wcd92c47,3,Thu Mar 04 2021 14:29:17 GMT-0600 (Central Standard Time),video,0.0,True,No,,,,Prefer not to say,20.0
w042041a,3,Thu Mar 04 2021 13:14:45 GMT-0800 (Pacific Standard Time),action,0.0,True,No,1.0,[2555242],162.54295,Male,24.0
wcb979da,3,Fri Mar 05 2021 00:28:50 GMT+0100 (West Africa Standard Time),video,0.0,True,No,,,,Female,34.0
w57e2597,3,Sat Mar 06 2021 19:21:07 GMT+0100 (West Africa Standard Time),meta,0.0,False,,3.0,"[525221, 46928, 36193]",,CONSENT REVOKED,30.0
wd448f6d,3,Thu Mar 04 2021 14:26:39 GMT-0600 (Central Standard Time),action,0.0,True,No,1.0,[84690],21.234616666666668,Male,31.0
w7be4c7d,3,Thu Mar 04 2021 14:12:07 GMT-0600 (Central Standard Time),none,0.0,True,No,2.0,"[65177, 15195]",15.5315,Male,32.0
w8fcdabc,3,Fri Mar 05 2021 12:28:29 GMT-0500 (Eastern Standard Time),video,0.0,True,No,,,,Female,33.0
w48a6199,3,Thu Mar 04 2021 15:22:47 GMT-0500 (Eastern Standard Time),action,0.0,True,No,1.0,[198315],32.2359,DATA EXPIRED,31.0
wcc24aa6,3,Thu Mar 04 2021 13:08:02 GMT-0600 (Central Standard Time),none,0.0,True,Yes,1.0,[59091],14.550566666666667,Male,24.0
w25a1d7f,3,Thu Mar 04 2021 13:15:34 GMT-0700 (Mountain Standard Time),meta,0.0,True,No,1.0,[106683],56.066583333333334,CONSENT REVOKED,54.0
wbfdf519,3,Thu Mar 04 2021 15:18:03 GMT-0500 (Eastern Standard Time),meta,0.0,True,No,2.0,"[53006, 8289]",17.536583333333333,Female,43.0
w67c02f5,3,Thu Mar 04 2021 14:10:47 GMT-0600 (Central Standard Time),none,0.0,False,,1.0,[351295],,CONSENT REVOKED,42.0
wa942f26,3,Fri Mar 05 2021 12:27:06 GMT-0500 (Eastern Standard Time),meta,0.0,True,No,1.0,[115149],33.13255,Female,50.0
w939f72e,3,Thu Mar 04 2021 13:08:39 GMT-0500 (Eastern Standard Time),action,0.0,True,No,1.0,[67873],18.6376,Male,21.0
wde70d56,3,Thu Mar 04 2021 12:20:44 GMT-0800 (Pacific Standard Time),video,0.0,True,No,,,,Female,54.0
w9c6306a,3,Thu Mar 04 2021 12:20:26 GMT-0800 (Pacific Standard Time),none,0.0,True,No,2.0,"[158528, 10055]",21.38965,Female,26.0
w11fc1e7,3,Thu Mar 04 2021 14:39:50 GMT-0600 (Central Standard Time),video,0.0,True,No,,,,Female,30.0
w290f242,3,Fri Mar 05 2021 12:28:28 GMT-0500 (Eastern Standard Time),action,0.0,True,No,2.0,"[157341, 14468]",32.750233333333334,Male,18.0
w756deb7,3,Thu Mar 04 2021 15:23:35 GMT-0500 (Eastern Standard Time),meta,0.0,True,No,1.0,[54729],27.447233333333333,CONSENT REVOKED,39.0
w3b72136,3,Thu Mar 04 2021 12:37:17 GMT-0800 (Pacific Standard Time),action,0.0,True,No,1.0,[13007],36.119883333333334,Male,33.0
wc3b2a1e,3,Thu Mar 04 2021 15:25:22 GMT-0500 (Eastern Standard Time),none,0.0,True,No,1.0,[77222],24.949033333333333,Female,18.0
wa8c35b7,3,Thu Mar 04 2021 14:02:24 GMT-0500 (Eastern Standard Time),meta,0.0,True,No,2.0,"[77345, 92704]",40.82533333333333,Male,54.0
wff09e7b,3,Thu Mar 04 2021 15:15:28 GMT-0500 (Eastern Standard Time),meta,0.0,True,No,1.0,[89657],18.484066666666667,Male,33.0
w0fdd002,3,Thu Mar 04 2021 12:10:27 GMT-0800 (Pacific Standard Time),action,0.0,True,No,1.0,[101146],20.88885,Female,19.0
wf09145b,3,Thu Mar 04 2021 12:54:41 GMT-0800 (Pacific Standard Time),action,0.0,True,No,1.0,[45338],31.464883333333333,Male,33.0
w8bf372d,3,Thu Mar 04 2021 12:14:28 GMT-0800 (Pacific Standard Time),video,0.0,True,No,,,,Female,30.0
w955882a,3,Thu Mar 04 2021 15:19:47 GMT-0500 (Eastern Standard Time),video,0.0,True,No,,,,Male,40.0
wd85d4d1,3,Thu Mar 04 2021 14:57:25 GMT-0800 (Pacific Standard Time),none,0.0,True,No,1.0,[217549],170.41478333333333,Male,22.0
wdb4ab59,3,Thu Mar 04 2021 15:09:38 GMT-0500 (Eastern Standard Time),meta,0.0,True,No,1.0,[72172],22.969683333333332,Female,29.0
wf07fb23,3,Thu Mar 04 2021 11:01:48 GMT-0800 (Pacific Standard Time),action,0.0,True,No,2.0,"[208064, 18043]",65.80593333333333,Male,48.0
wa0dc503,3,Sat Mar 06 2021 13:06:10 GMT-0500 (Eastern Standard Time),video,0.0,True,No,,,,Female,18.0
wae74f30,3,Sun Mar 07 2021 00:16:49 GMT+0600 (Bangladesh Standard Time),none,0.0,True,No,1.0,[17539],38.314816666666665,Male,53.0
wf6df49a,3,Sun Mar 07 2021 00:19:25 GMT+0600 (Bangladesh Standard Time),none,0.0,True,No,1.0,[145140],46.328783333333334,Male,53.0
wb9d4445,3,Thu Mar 04 2021 15:35:07 GMT-0500 (Eastern Standard Time),none,0.0,True,No,2.0,"[56102, 13039]",14.016766666666667,Male,21.0
w2f48dce,3,Thu Mar 04 2021 11:36:11 GMT-0800 (Pacific Standard Time),meta,0.0,True,No,1.0,[11981],80.11911666666667,Male,46.0
w4883ea4,3,Thu Mar 04 2021 13:21:32 GMT-0700 (Mountain Standard Time),action,0.0,False,,5.0,"[81691, 6540, 5611, 23590, 6185]",,CONSENT REVOKED,28.0
w46fc42c,3,Thu Mar 04 2021 15:26:44 GMT-0500 (Eastern Standard Time),meta,0.0,True,No,1.0,[171604],28.967783333333333,Male,31.0
w27cdb19,3,Thu Mar 04 2021 14:11:50 GMT-0500 (Eastern Standard Time),meta,0.0,True,No,1.0,[69311],20.179016666666666,Male,18.0
w608b9e5,3,Thu Mar 04 2021 14:08:59 GMT-0600 (Central Standard Time),action,0.0,True,No,1.0,[67279],18.192866666666667,Female,24.0
w0576dda,3,Fri Mar 05 2021 12:32:34 GMT-0500 (Eastern Standard Time),video,0.0,True,No,,,,Female,35.0
w320f46d,3,Thu Mar 04 2021 15:14:30 GMT-0500 (Eastern Standard Time),action,0.0,True,No,1.0,[65225],19.720283333333334,Male,24.0
w5f7a6cf,3,Thu Mar 04 2021 15:48:20 GMT-0600 (Central Standard Time),video,0.0,True,No,,,,Female,23.0
w6be88e4,3,Thu Mar 04 2021 15:17:30 GMT-0500 (EST),none,0.0,True,Not sure,3.0,"[82603, 22097, 20389]",24.601066666666668,Female,22.0
w1836a23,3,Thu Mar 04 2021 15:18:01 GMT-0500 (EST),none,0.0,True,No,1.0,[78701],14.071016666666667,Female,35.0
wd2096a6,3,Sat Mar 06 2021 11:46:09 GMT-0700 (Mountain Standard Time),video,0.0,True,No,,,,Female,26.0
w3427974,3,Thu Mar 04 2021 17:08:08 GMT-0500 (Eastern Standard Time),action,0.0,False,,,,,CONSENT REVOKED,23.0
wb1e65da,3,Thu Mar 04 2021 15:10:19 GMT-0500 (Eastern Standard Time),none,0.0,True,No,1.0,[143863],24.172533333333334,Female,35.0
w0bf127a,3,Fri Mar 05 2021 09:33:34 GMT-0800 (Pacific Standard Time),action,0.0,True,No,3.0,"[111532, 38729, 53288]",41.51495,Male,34.0
w076e5a0,3,Fri Mar 05 2021 11:26:43 GMT-0600 (Central Standard Time),action,0.0,True,No,1.0,[387011],43.104366666666664,Female,28.0
we06ae8a,3,Thu Mar 04 2021 12:15:11 GMT-0800 (Pacific Standard Time),action,0.0,True,No,1.0,[50006],25.448016666666668,Female,32.0
w19e95c8,3,Thu Mar 04 2021 14:18:51 GMT-0600 (Central Standard Time),video,0.0,True,No,,,,Female,22.0
w0a32e5f,3,Thu Mar 04 2021 15:43:29 GMT-0500 (Eastern Standard Time),action,0.0,True,No,1.0,[192431],46.592333333333336,Female,30.0
w902f962,3,Fri Mar 05 2021 09:37:13 GMT-0800 (Pacific Standard Time),none,0.0,True,No,1.0,[65854],26.440733333333334,Male,25.0
wfc825b3,3,Sat Mar 06 2021 12:06:56 GMT-0800 (Pacific Standard Time),meta,0.0,True,No,1.0,[92802],24.85793333333333,Male,31.0
we92f31c,3,Thu Mar 04 2021 11:36:05 GMT-0800 (Pacific Standard Time),video,0.0,True,No,,,,CONSENT REVOKED,26.0
w30653fa,3,Sat Mar 06 2021 13:07:40 GMT-0500 (Eastern Standard Time),meta,0.0,True,No,1.0,[87605],32.335033333333335,Female,20.0
wb8d8748,3,Thu Mar 04 2021 15:09:27 GMT-0500 (Eastern Standard Time),action,0.0,True,No,1.0,[51855],19.41635,Female,28.0
w319aa11,3,Thu Mar 04 2021 15:07:04 GMT-0500 (Eastern Standard Time),meta,0.0,False,,3.0,"[153973, 46302, 9966]",,Female,47.0
wf660f2b,3,Thu Mar 04 2021 13:26:43 GMT-0700 (Mountain Standard Time),video,0.0,True,No,,,,Male,31.0
w7dfe778,3,Thu Mar 04 2021 14:09:58 GMT-0600 (Central Standard Time),none,0.0,True,No,1.0,[70389],26.5316,Male,29.0
w175bf05,3,Thu Mar 04 2021 13:26:49 GMT-0800 (Pacific Standard Time),video,0.0,True,No,,,,Male,43.0
wbbde50c,3,Sat Mar 06 2021 14:16:04 GMT-0500 (Eastern Standard Time),video,0.0,True,No,,,,Male,38.0
w6d5835e,3,Thu Mar 04 2021 14:28:43 GMT-0600 (Central Standard Time),video,0.0,True,No,,,,Male,22.0
wd823110,3,Thu Mar 04 2021 13:05:17 GMT-0600 (Central Standard Time),action,0.0,True,No,2.0,"[158344, 23591]",44.250166666666665,Male,54.0
w7c7605a,3,Thu Mar 04 2021 12:07:35 GMT-0800 (Pacific Standard Time),none,0.0,True,No,1.0,[826469],76.41505,CONSENT REVOKED,20.0
w00ee1ed,3,Thu Mar 04 2021 14:19:53 GMT-0600 (Central Standard Time),meta,0.0,True,No,1.0,[64900],20.636616666666665,Male,24.0
wc26fe79,3,Thu Mar 04 2021 14:13:52 GMT-0500 (Eastern Standard Time),video,0.0,True,No,,,,Male,30.0
w6970a25,3,Thu Mar 04 2021 15:29:03 GMT-0500 (Eastern Standard Time),none,0.0,True,No,2.0,"[105556, 42103]",33.18861666666667,Female,47.0
we2cb1a7,3,Thu Mar 04 2021 15:36:20 GMT-0500 (Eastern Standard Time),meta,0.0,True,No,1.0,[89636],35.995466666666665,Female,43.0
wc445870,3,Thu Mar 04 2021 12:26:21 GMT-0700 (Mountain Standard Time),none,0.0,True,No,1.0,[89699],32.467283333333334,Female,39.0
w7964628,3,Thu Mar 04 2021 15:47:34 GMT-0500 (Eastern Standard Time),action,0.0,True,No,1.0,[77517],26.2612,Female,31.0
w85936d3,3,Sat Mar 06 2021 11:43:21 GMT-0700 (Mountain Standard Time),video,0.0,True,No,,,,Male,43.0
wbec2fe8,3,Thu Mar 04 2021 13:10:29 GMT-0700 (Mountain Standard Time),none,0.0,True,Yes,1.0,[94056],22.320516666666666,Female,35.0
wa8d2212,3,Thu Mar 04 2021 15:26:33 GMT-0500 (Eastern Standard Time),meta,0.0,True,No,1.0,[102859],32.198,Female,23.0
w3a86370,3,Thu Mar 04 2021 15:08:56 GMT-0500 (Eastern Standard Time),video,0.0,True,No,,,,Male,29.0
w71d83d7,3,Sat Mar 06 2021 12:08:25 GMT-0600 (Central Standard Time),none,0.0,True,No,1.0,[2515357],161.31311666666667,Male,53.0
w7cbdddf,3,Thu Mar 04 2021 15:25:23 GMT-0500 (Eastern Standard Time),meta,0.0,True,No,1.0,[161074],64.6675,Male,20.0
wf8ff796,3,Thu Mar 04 2021 13:10:11 GMT-0700 (Mountain Standard Time),action,0.0,True,No,1.0,[80613],19.988033333333334,Female,24.0
w8406307,3,Sat Mar 06 2021 14:53:36 GMT-0500 (Eastern Standard Time),video,0.0,True,No,,,,Male,25.0
w40d0dbb,3,Thu Mar 04 2021 11:18:31 GMT-0800 (Pacific Standard Time),action,0.0,True,No,1.0,[128777],33.3447,Female,19.0
w1dbd9f5,3,Thu Mar 04 2021 12:22:58 GMT-0800 (Pacific Standard Time),meta,0.0,True,No,1.0,[118744],31.072016666666666,Female,57.0
w95fd455,3,Thu Mar 04 2021 15:21:08 GMT-0500 (Eastern Standard Time),video,0.0,True,No,,,,Female,27.0
we22321a,3,Thu Mar 04 2021 12:14:05 GMT-0800 (Pacific Standard Time),video,0.0,True,No,,,,Female,22.0
w7ecb076,3,Sat Mar 06 2021 10:06:28 GMT-0800 (Pacific Standard Time),none,0.0,True,No,2.0,"[480172, 9889]",58.525416666666665,Male,26.0
w6cbbc21,3,Thu Mar 04 2021 12:22:07 GMT-0800 (Pacific Standard Time),video,0.0,True,No,,,,Male,35.0
w066f11e,3,Thu Mar 04 2021 12:09:39 GMT-0800 (Pacific Standard Time),action,0.0,True,No,1.0,[65513],16.595416666666665,Female,36.0
wcb9b7c5,3,Thu Mar 04 2021 12:14:50 GMT-0800 (Pacific Standard Time),action,0.0,True,No,3.0,"[25960, 22734, 21794]",37.35993333333333,Female,24.0
wc1db91b,3,Thu Mar 04 2021 12:10:14 GMT-0800 (Pacific Standard Time),video,0.0,True,No,,,,Male,33.0
w212e001,3,Thu Mar 04 2021 15:09:17 GMT-0500 (Eastern Standard Time),none,0.0,True,No,1.0,[83578],23.383883333333333,Female,43.0
wed3c829,3,Thu Mar 04 2021 12:17:20 GMT-0800 (Pacific Standard Time),action,0.0,True,No,1.0,[163789],28.7592,Female,21.0
w08b59a5,3,Thu Mar 04 2021 11:16:54 GMT-0800 (Pacific Standard Time),video,0.0,True,No,,,,Female,35.0
w64cf2b3,3,Sat Mar 06 2021 13:06:43 GMT-0500 (Eastern Standard Time),meta,0.0,True,No,1.0,[78628],31.232616666666665,Female,22.0
we3411ad,3,Thu Mar 04 2021 13:50:37 GMT-0500 (EST),none,0.0,True,No,1.0,[97917],32.541866666666664,Female,
wfda14a3,3,Thu Mar 04 2021 15:15:38 GMT-0500 (Eastern Standard Time),none,0.0,True,No,2.0,"[97036, 62363]",23.130883333333333,Male,40.0
w3247d24,3,Thu Mar 04 2021 15:19:42 GMT-0500 (Eastern Standard Time),none,0.0,True,No,1.0,[54130],15.466733333333334,Male,23.0
w7a57553,3,Thu Mar 04 2021 14:19:01 GMT-0600 (Central Standard Time),none,0.0,True,No,1.0,[103898],29.014233333333333,Female,25.0
w65415f9,3,Thu Mar 04 2021 15:46:04 GMT-0500 (Eastern Standard Time),none,0.0,True,No,1.0,[98847],28.25565,Male,19.0
wc238c50,3,Thu Mar 04 2021 13:17:12 GMT-0700 (Mountain Standard Time),meta,0.0,True,No,1.0,[76169],19.613183333333332,Female,34.0
w3b2d506,3,Thu Mar 04 2021 12:20:53 GMT-0800 (Pacific Standard Time),meta,0.0,True,No,1.0,[57851],14.471566666666666,Male,25.0
wd2d7954,3,Sat Mar 06 2021 13:16:28 GMT-0500 (EST),meta,0.0,True,No,1.0,[318814],63.0641,Female,
wcd2dcd6,3,Fri Mar 05 2021 13:38:15 GMT-0500 (Eastern Standard Time),video,0.0,True,No,,,,Male,21.0
wb9d002b,3,Sat Mar 06 2021 13:06:49 GMT-0500 (Eastern Standard Time),video,0.0,True,No,,,,Female,32.0
wc48cb45,3,Fri Mar 05 2021 12:32:20 GMT-0500 (Eastern Standard Time),none,0.0,True,No,1.0,[106657],35.487383333333334,Male,29.0
w2f80bc6,3,Sat Mar 06 2021 19:17:11 GMT+0100 (West Africa Standard Time),none,0.0,True,No,1.0,[298189],36.73316666666667,Male,33.0
wd074ea8,3,Thu Mar 04 2021 13:25:18 GMT-0500 (Eastern Standard Time),action,0.0,True,No,1.0,[98020],40.377266666666664,CONSENT REVOKED,41.0
wbfb53cd,3,Thu Mar 04 2021 15:58:41 GMT-0500 (Eastern Standard Time),video,0.0,True,No,,,,Female,21.0
wca6026b,3,Sat Mar 06 2021 13:13:02 GMT-0500 (Eastern Standard Time),meta,0.0,True,No,1.0,[70244],30.018133333333335,Female,23.0
wac50c54,3,Thu Mar 04 2021 15:22:20 GMT-0500 (Eastern Standard Time),video,0.0,True,No,,,,Female,22.0
w13ef604,3,Sat Mar 06 2021 13:43:40 GMT-0800 (Pacific Standard Time),video,0.0,True,No,,,,Male,20.0
w3f46ff4,3,Thu Mar 04 2021 12:23:23 GMT-0800 (Pacific Standard Time),meta,0.0,True,No,1.0,[99181],29.685083333333335,Female,22.0
w9587943,3,Fri Mar 05 2021 13:20:13 GMT-0500 (Eastern Standard Time),action,0.0,True,No,2.0,"[72376, 31581]",18.345016666666666,Male,19.0
wb8ce885,3,Fri Mar 05 2021 19:37:26 GMT+0200 (Eastern European Standard Time),action,0.0,True,No,1.0,[202669],53.75256666666667,Male,37.0
we6800d8,3,Thu Mar 04 2021 13:46:40 GMT-0700 (Mountain Standard Time),video,0.0,True,No,,,,Male,43.0
w3ff114b,3,Thu Mar 04 2021 15:18:20 GMT-0500 (Eastern Standard Time),meta,0.0,True,No,1.0,[90747],20.502016666666666,Female,37.0
w7a58bb9,3,Thu Mar 04 2021 15:24:31 GMT-0500 (Eastern Standard Time),video,0.0,True,No,,,,Male,30.0
wde869d4,3,Thu Mar 04 2021 14:23:02 GMT-0600 (Central Standard Time),video,0.0,True,No,,,,Male,33.0
waf1c77d,3,Thu Mar 04 2021 14:24:07 GMT-0600 (Central Standard Time),video,0.0,True,No,,,,Female,29.0
wc523bcb,3,Thu Mar 04 2021 14:13:30 GMT-0500 (Eastern Standard Time),action,0.0,True,No,1.0,[72395],25.727966666666667,Male,33.0
wac86d49,3,Thu Mar 04 2021 15:43:55 GMT-0500 (Eastern Standard Time),none,0.0,True,No,1.0,[278813],37.621766666666666,Female,49.0
wa9c7387,3,Thu Mar 04 2021 11:19:54 GMT-0800 (Pacific Standard Time),meta,0.0,True,No,1.0,[207312],56.295883333333336,CONSENT REVOKED,63.0
w8cc6fec,3,Sat Mar 06 2021 10:07:11 GMT-0800 (Pacific Standard Time),action,0.0,True,No,1.0,[127528],51.8707,Male,21.0
wd311dbb,3,Thu Mar 04 2021 14:07:27 GMT-0500 (Eastern Standard Time),video,0.0,True,No,,,,Female,39.0
wf13ffe0,3,Fri Mar 05 2021 00:01:39 GMT+0100 (West Africa Standard Time),none,0.0,True,No,1.0,[43110],46.787,Female,36.0
w82bd59a,3,Thu Mar 04 2021 21:31:51 GMT+0100 (West Africa Standard Time),none,0.0,True,No,3.0,"[307158, 41447, 21545]",53.19501666666667,Male,28.0
w0d1b6f0,3,Sat Mar 06 2021 13:26:50 GMT-0500 (Eastern Standard Time),video,0.0,True,No,,,,Male,37.0
wa7baa9f,3,Thu Mar 04 2021 14:09:17 GMT-0500 (Eastern Standard Time),meta,0.0,True,No,1.0,[42350],17.708516666666668,Male,21.0
w9684669,3,Thu Mar 04 2021 15:21:23 GMT-0500 (Eastern Standard Time),action,0.0,True,No,1.0,[120310],39.59876666666667,CONSENT REVOKED,25.0
w1070cfe,3,Thu Mar 04 2021 15:16:39 GMT-0500 (Eastern Standard Time),video,0.0,True,No,,,,Female,27.0
w782ce01,3,Thu Mar 04 2021 15:08:05 GMT-0500 (Eastern Standard Time),action,0.0,True,No,2.0,"[83516, 19583]",26.08515,Female,20.0
w06fde24,3,Thu Mar 04 2021 21:26:04 GMT+0100 (West Africa Standard Time),video,0.0,True,No,,,,Male,30.0
wa10fe5e,3,Thu Mar 04 2021 15:27:25 GMT-0500 (Eastern Standard Time),video,0.0,True,No,,,,Male,21.0
w35f33ef,3,Sat Mar 06 2021 12:07:55 GMT-0600 (Central Standard Time),action,0.0,True,No,1.0,[109775],26.18175,Male,21.0
we345334,3,Thu Mar 04 2021 13:21:17 GMT-0700 (Mountain Standard Time),none,0.0,True,No,1.0,[88612],18.736766666666668,Male,27.0
w7ece230,3,Fri Mar 05 2021 12:00:22 GMT-0600 (Central Standard Time),video,0.0,True,No,,,,Male,30.0
w034ba94,3,Thu Mar 04 2021 14:47:45 GMT-0600 (Central Standard Time),meta,0.0,True,No,1.0,[66124],21.095,Female,24.0
w8a1a14e,3,Thu Mar 04 2021 13:27:25 GMT-0600 (Central Standard Time),action,0.0,False,,1.0,[128179],26.26718333333333,CONSENT REVOKED,45.0
w15ad6e8,3,Sat Mar 06 2021 13:41:32 GMT-0500 (Eastern Standard Time),none,0.0,True,No,1.0,[104029],26.9952,Male,37.0
we593758,3,Thu Mar 04 2021 22:47:12 GMT+0100 (West Africa Standard Time),action,0.0,True,No,2.0,"[1279839, 145424]",127.14488333333334,Female,36.0
wa797a3e,3,Sat Mar 06 2021 12:07:45 GMT-0600 (Central Standard Time),none,0.0,True,No,1.0,[76279],20.43275,Male,22.0
w0a356db,3,Thu Mar 04 2021 12:25:19 GMT-0800 (Pacific Standard Time),video,0.0,True,No,,,,Male,27.0
w49210db,3,Fri Mar 05 2021 09:31:04 GMT-0800 (Pacific Standard Time),video,0.0,True,No,,,,Male,24.0
w94889cf,3,Thu Mar 04 2021 13:33:01 GMT-0600 (Central Standard Time),video,0.0,True,No,,,,Female,35.0
wd228513,3,Thu Mar 04 2021 13:15:35 GMT-0600 (Central Standard Time),meta,0.0,True,No,1.0,[137807],38.74551666666667,Male,33.0
wac09b3a,3,Thu Mar 04 2021 14:08:14 GMT-0600 (Central Standard Time),action,0.0,True,No,2.0,"[74288, 26432]",34.6542,Male,23.0
wb40c861,3,Thu Mar 04 2021 14:33:10 GMT-0500 (Eastern Standard Time),video,0.0,True,No,,,,Female,26.0
w7f552cc,3,Sat Mar 06 2021 15:06:36 GMT-0500 (Eastern Standard Time),video,0.0,True,No,,,,Male,18.0
wc3d3b7f,3,Thu Mar 04 2021 15:21:35 GMT-0500 (Eastern Standard Time),meta,0.0,False,,1.0,[117203],,CONSENT REVOKED,33.0
w2d024f0,3,Thu Mar 04 2021 12:55:33 GMT-0600 (Central Standard Time),meta,0.0,True,No,1.0,[55563],15.790666666666667,Male,25.0
wa233e99,3,Thu Mar 04 2021 13:09:40 GMT-0700 (Mountain Standard Time),video,0.0,True,No,,,,Female,18.0
w1f7d4e1,3,Thu Mar 04 2021 22:04:43 GMT+0100 (West Africa Standard Time),none,0.0,True,No,1.0,[58298],17.976483333333334,Female,28.0
w8994157,3,Thu Mar 04 2021 14:10:47 GMT-0500 (Eastern Standard Time),action,0.0,True,No,3.0,"[53464, 19220, 32194]",27.190816666666667,Male,42.0
w53c9ffd,3,Thu Mar 04 2021 14:26:08 GMT-0600 (Central Standard Time),meta,0.0,True,No,1.0,[104269],28.24651666666667,Female,19.0
we919819,3,Thu Mar 04 2021 15:17:54 GMT-0500 (Eastern Standard Time),action,0.0,True,Not sure,1.0,[152695],32.15505,Male,29.0
wcf3870c,3,Thu Mar 04 2021 12:22:50 GMT-0700 (Mountain Standard Time),meta,0.0,True,No,1.0,[166469],33.11181666666667,Male,39.0
w3ff3eeb,3,Thu Mar 04 2021 15:09:43 GMT-0600 (Central Standard Time),none,0.0,True,Yes,1.0,[24342],10.987883333333333,Male,25.0
